Player,Pos,Age,Tm,G,GS,MP,FG,FGA,FG%,3P,3PA,3P,2P,2PA,2P,FT,FTA,FT%,ORB,DRB,TRB,AST,STL,BLK,TOV,PF,PTS
Quincy Acy,PF,22,TOR,29,0,342,4.4,7.9,0.56,0.1,0.2,0.5,4.3,7.7,0.562,3.3,4,0.816,3.2,4.9,8.1,1.2,1.4,1.6,1.8,5.6,12.2
Jeff Adrien,PF,26,CHA,52,5,713,3.6,8.5,0.429,0,0.1,0,3.6,8.4,0.434,3.3,5,0.65,3.4,6.5,9.9,1.8,0.9,1.4,1.6,4,10.6
Arron Afflalo,SF,27,ORL,64,64,2307,6.2,14.1,0.439,1.1,3.7,0.3,5.1,10.4,0.489,3,3.5,0.857,0.5,3.3,3.7,3.2,0.6,0.2,2.2,2.1,16.5
Josh Akognon,PG,26,DAL,3,0,9,8,16,0.5,4,8,0.5,4,8,0.5,0,0,,0,4,4,4,0,0,0,12,20
Cole Aldrich,C,24,TOT,45,0,388,4.1,7.4,0.55,0,0,,4.1,7.4,0.55,1.1,1.9,0.6,2.8,8.4,11.1,0.8,0.5,2.1,2.1,5.6,9.3
Cole Aldrich,C,24,HOU,30,0,213,3.9,7.3,0.535,0,0,,3.9,7.3,0.535,0.7,1.5,0.444,2,7.6,9.6,1,0.5,1.5,2.4,6.9,8.5
Cole Aldrich,C,24,SAC,15,0,175,4.3,7.6,0.568,0,0,,4.3,7.6,0.568,1.6,2.3,0.727,3.7,9.3,13,0.6,0.4,2.9,1.9,3.9,10.3
LaMarcus Aldridge,PF,27,POR,74,74,2790,8.2,17,0.484,0,0.2,0.143,8.2,16.8,0.488,3.6,4.5,0.81,2.3,6.4,8.6,2.5,0.8,1.2,1.8,2.4,20.1
Lavoy Allen,C,23,PHI,79,37,1669,4.4,9.8,0.454,0,0,0,4.4,9.8,0.455,0.9,1.3,0.717,3.4,5.1,8.5,1.6,0.5,1.2,1.2,3.9,9.8
Ray Allen,SG,37,MIA,79,0,2035,5.2,11.5,0.449,2.5,5.9,0.419,2.7,5.6,0.48,2.5,2.8,0.886,0.7,3.1,3.8,2.4,1.2,0.3,1.8,2.3,15.3
Tony Allen,SG,31,MEM,79,79,2109,4.8,10.9,0.445,0.1,0.4,0.125,4.8,10.5,0.458,2.3,3.2,0.717,2.1,4.1,6.2,1.7,2,0.8,1.6,3.6,12
Al-Farouq Aminu,SF,22,NOH,76,71,2066,3.9,8.3,0.475,0.1,0.3,0.211,3.9,7.9,0.486,1.8,2.4,0.737,2.4,7.8,10.2,1.8,1.6,0.9,2,2.7,9.7
Louis Amundson,PF,30,TOT,39,0,372,3.1,7.8,0.395,0,0,,3.1,7.8,0.395,1.2,3.5,0.333,4.6,5.6,10.3,1.1,1.5,1.2,1.8,5.1,7.4
Louis Amundson,PF,30,MIN,20,0,161,3.1,8.5,0.368,0,0,,3.1,8.5,0.368,0.9,4.5,0.2,5.1,5.4,10.5,0.7,1.6,1.3,2.5,5.8,7.2
Louis Amundson,PF,30,CHI,1,0,2,0,18,0,0,0,,0,18,0,0,0,,18,0,18,0,0,0,0,0,0
Louis Amundson,PF,30,NOH,18,0,209,3.1,7.2,0.429,0,0,,3.1,7.2,0.429,1.4,2.8,0.5,4.1,5.9,10,1.4,1.6,1,1.4,4.7,7.6
Chris Andersen,C,34,MIA,42,0,624,4.1,7.1,0.577,0.1,0.2,0.667,4,6.9,0.575,3.6,5.4,0.677,3.3,6.6,9.9,1,0.9,2.5,1.4,5.1,11.9
Alan Anderson,SF,30,TOR,65,2,1495,5.7,14.8,0.383,2.3,6.9,0.333,3.4,8,0.426,3,3.5,0.857,0.8,2.7,3.6,2.5,1.2,0.2,1.9,3.2,16.7
James Anderson,SG-SF,23,TOT,39,2,401,4.7,11.3,0.413,1.9,5.4,0.35,2.8,5.9,0.47,2.2,2.5,0.857,1.6,4.8,6.5,3.8,1.3,0.4,2.2,2.2,13.4
James Anderson,SF,23,SAS,10,0,94,4.2,9.6,0.44,1.9,4.2,0.455,2.3,5.4,0.429,2.7,3.4,0.778,1.1,4.2,5.4,3.4,1.1,0.8,2.7,2.7,13
James Anderson,SG,23,HOU,29,2,307,4.8,11.8,0.406,1.9,5.7,0.327,2.9,6.1,0.481,2,2.2,0.895,1.8,5,6.8,3.9,1.4,0.4,2.1,2.1,13.5
Ryan Anderson,PF,24,NOH,81,22,2503,6.8,16,0.423,3.1,8,0.382,3.7,8,0.464,2.2,2.6,0.844,2.7,4.7,7.5,1.4,0.6,0.4,1.4,2.6,18.8
Carmelo Anthony,PF,28,NYK,67,67,2482,9.7,21.6,0.449,2.3,6,0.379,7.4,15.6,0.476,6.2,7.4,0.83,1.9,4.7,6.7,2.5,0.8,0.5,2.5,3,27.8
Joel Anthony,C,30,MIA,62,3,566,2.2,4.3,0.515,0,0,,2.2,4.3,0.515,1.1,1.8,0.607,2.9,4.5,7.3,0.8,0.8,2.7,1.4,3.1,5.5
Trevor Ariza,SF,27,WAS,56,15,1471,4.6,11,0.417,1.9,5.1,0.364,2.7,5.9,0.463,1.9,2.3,0.821,1.1,5.4,6.5,2.8,1.8,0.5,2.1,1.8,13
Darrell Arthur,PF,24,MEM,59,3,970,6,13.3,0.451,0.2,0.7,0.278,5.8,12.7,0.46,1.2,1.7,0.717,2.5,3.7,6.3,1.2,0.9,1.2,1.6,4.7,13.4
Omer Asik,C,26,HOU,82,82,2464,4.9,9,0.541,0,0,0,4.9,9,0.542,2.5,4.4,0.562,4,9.9,14,1.1,0.7,1.3,2.5,3.3,12.2
Player,Pos,Age,Tm,G,GS,MP,FG,FGA,FG%,3P,3PA,3P,2P,2PA,2P,FT,FTA,FT%,ORB,DRB,TRB,AST,STL,BLK,TOV,PF,PTS
D.J. Augustin,PG,25,IND,76,5,1226,3,8.6,0.35,2,5.6,0.353,1.1,3.1,0.346,2.4,2.9,0.838,0.6,2.1,2.7,5,1,0.1,2,1.9,10.5
Gustavo Ayon,C,27,TOT,55,3,734,4.5,8.2,0.551,0,0,,4.5,8.2,0.551,1,2.5,0.4,2.9,6.8,9.8,3.5,1.1,0.8,2.3,5.2,10
Gustavo Ayon,C,27,ORL,43,3,571,4.2,7.9,0.536,0,0,,4.2,7.9,0.536,1.2,2.4,0.5,2.5,6.3,8.8,3.7,0.8,0.8,2.4,5.2,9.6
Gustavo Ayon,C,27,MIL,12,0,163,5.5,9.3,0.595,0,0,,5.5,9.3,0.595,0.2,2.7,0.083,4.4,8.6,13,2.7,2,0.9,2,5.3,11.3
Jeff Ayres,PF,25,IND,37,0,369,6,12.3,0.484,0.2,0.4,0.5,5.8,11.9,0.484,2,2.2,0.913,2.8,7.3,10.1,1.5,0.6,1.2,2.2,4.3,14.1
Luke Babbitt,PF,23,POR,62,0,730,4.2,11.5,0.368,3.1,8.8,0.348,1.2,2.8,0.429,0.5,0.6,0.769,0.7,6,6.8,1.4,0.7,0.2,1.1,4,12
Leandro Barbosa,PG,30,BOS,41,2,513,5.8,13.5,0.43,1.3,3.3,0.383,4.6,10.2,0.445,2.2,2.9,0.756,0.6,2.7,3.2,4.1,1.2,0.4,1.5,3.6,15.1
Jose Barea,PG,28,MIN,74,2,1713,6.6,15.9,0.417,2,5.9,0.346,4.6,10,0.458,2.2,2.8,0.784,0.7,3.6,4.4,6.2,0.7,0,3,2.8,17.5
Andrea Bargnani,PF,27,TOR,35,25,1003,6.1,15.3,0.399,1.4,4.4,0.309,4.7,10.9,0.436,2.3,2.8,0.844,0.9,3.7,4.6,1.4,0.8,0.8,1.9,2.3,15.9
Harrison Barnes,SF,20,GSW,81,81,2058,4.8,11,0.439,0.9,2.5,0.359,3.9,8.4,0.464,2.5,3.3,0.758,0.9,4.9,5.8,1.7,0.9,0.2,1.8,2.4,13.1
Matt Barnes,SF,32,LAC,80,4,2058,5.5,11.8,0.462,1.9,5.7,0.342,3.5,6.1,0.574,1.5,2,0.744,1.9,4.5,6.4,2.2,1.4,1.1,1.6,4.1,14.4
Earl Barron,C,31,TOT,12,2,159,4.1,11.5,0.353,0,0,,4.1,11.5,0.353,0.7,1.6,0.429,5,8.8,13.8,1.1,1.1,1.4,2.5,5.4,8.8
Earl Barron,C,31,WAS,11,1,122,3.8,10.9,0.351,0,0,,3.8,10.9,0.351,0.6,1.5,0.4,4.7,8,12.7,0.9,1.5,1.5,3,6.8,8.3
Earl Barron,C,31,NYK,1,1,37,4.9,13.6,0.357,0,0,,4.9,13.6,0.357,1,1.9,0.5,5.8,11.7,17.5,1.9,0,1,1,1,10.7
Will Barton,SG,22,POR,73,5,894,4.8,12.4,0.382,0.4,2.6,0.138,4.4,9.8,0.447,2,2.6,0.769,1.4,4.4,5.8,2.3,1.4,0.4,2.4,2.3,11.9
Brandon Bass,PF,27,BOS,81,69,2239,4.6,9.5,0.486,0,0,0,4.6,9.4,0.487,2.1,2.4,0.86,2.1,4.8,6.8,1.4,0.7,1,1.3,3,11.3
Shane Battier,SF,34,MIA,72,20,1786,3.1,7.3,0.42,2.7,6.4,0.43,0.3,0.9,0.348,0.6,0.8,0.842,0.7,2.6,3.3,1.5,0.8,1.1,0.7,3,9.5
Nicolas Batum,SF,24,POR,73,73,2807,4.5,10.7,0.423,2.1,5.7,0.372,2.4,5,0.481,2.3,2.7,0.848,1.2,4,5.3,4.6,1.2,1.1,2.4,1.8,13.4
Jerryd Bayless,PG,24,MEM,80,4,1765,5.3,12.7,0.419,1.4,4.1,0.353,3.9,8.6,0.45,2.1,2.5,0.836,0.4,3.1,3.6,5.4,1.2,0.3,2.4,3.4,14.1
Aron Baynes,C,26,SAS,16,0,141,4.6,9.2,0.5,0,0.3,0,4.6,8.9,0.514,1.8,3.1,0.583,3.1,5.1,8.2,1.3,0.3,1.5,2.8,5.9,11
Kent Bazemore,SG,23,GSW,61,0,267,5.8,15.6,0.371,1.3,4.6,0.294,4.4,11.1,0.402,3.6,5.9,0.614,0.7,2.3,3,3,2.3,0.5,2.4,3.6,16.6
Bradley Beal,SG,19,WAS,56,46,1745,5.8,14.2,0.41,1.9,4.9,0.386,3.9,9.3,0.424,2.6,3.3,0.786,0.9,3.5,4.4,2.8,1,0.6,1.9,2.3,16.1
Michael Beasley,SF,24,PHO,75,20,1554,7.2,17.7,0.405,1,3.3,0.313,6.1,14.4,0.426,2.2,2.9,0.746,1.2,5.3,6.5,2.6,0.7,0.8,3.3,2.5,17.6
Rodrigue Beaubois,PG,24,DAL,45,0,549,4.3,11.5,0.369,1.4,4.7,0.292,2.9,6.8,0.423,2,2.5,0.789,0.6,3.1,3.7,5.5,1.2,0.3,2.2,3.5,11.9
Player,Pos,Age,Tm,G,GS,MP,FG,FGA,FG%,3P,3PA,3P,2P,2PA,2P,FT,FTA,FT%,ORB,DRB,TRB,AST,STL,BLK,TOV,PF,PTS
Marco Belinelli,SG,26,CHI,73,27,1882,4.6,11.7,0.395,1.5,4.2,0.357,3.1,7.4,0.416,2.7,3.2,0.839,0.2,2.4,2.7,2.8,0.8,0.1,1.6,2.7,13.4
Patrick Beverley,PG,24,HOU,41,0,713,4,9.5,0.418,1.8,4.8,0.375,2.2,4.7,0.462,1.7,2.1,0.829,2.3,3.2,5.5,5.9,1.9,1.1,2.2,4.2,11.5
Andris Biedrins,C,26,GSW,53,9,495,0.7,1.5,0.476,0,0,,0.7,1.5,0.476,0.3,0.9,0.308,2.5,8.7,11.1,1,1.1,3.1,1,7.3,1.7
Chauncey Billups,SG,36,LAC,22,22,418,4.6,11.4,0.402,2.8,7.8,0.367,1.7,3.6,0.476,3.9,4.1,0.938,0.2,2.6,2.8,4.2,1,0.1,2.2,2.2,15.8
Bismack Biyombo,C,20,CHA,80,65,2186,2.6,5.7,0.451,0,0,,2.6,5.7,0.451,1.2,2.3,0.521,3.2,6.4,9.6,0.6,0.5,2.4,1.4,3.2,6.4
DeJuan Blair,PF,23,SAS,61,16,851,6,11.5,0.524,0,0,0,6,11.4,0.526,1.9,3,0.629,2.8,6.9,9.7,1.9,1.6,0.4,2.1,4.7,13.9
Steve Blake,PG,32,LAL,45,13,1175,3.5,8.3,0.422,2.2,5.2,0.421,1.3,3,0.424,0.8,1.1,0.771,0.6,3.4,4,5.3,1,0.2,1.9,2.5,10
Andray Blatche,C,26,BRK,82,8,1555,8,15.7,0.512,0.1,0.5,0.136,7.9,15.1,0.524,3.4,5,0.685,3.7,5.9,9.7,2,2,1.3,2.8,3.8,19.5
Eric Bledsoe,PG,23,LAC,76,12,1553,5.9,13.2,0.445,0.7,1.8,0.397,5.1,11.4,0.453,2.5,3.1,0.791,1.8,3.4,5.2,5.4,2.5,1.3,3.2,2.6,14.9
Keith Bogans,SG,32,BRK,74,23,1408,2.8,7.3,0.38,2.1,6.3,0.343,0.6,1,0.615,0.3,0.4,0.647,0.4,2.7,3.1,1.9,0.7,0.1,1.3,2.8,8
Andrew Bogut,C,28,GSW,32,32,786,3.8,8.4,0.451,0,0,1,3.8,8.4,0.448,0.9,1.7,0.5,3.1,8.1,11.2,3.1,0.9,2.5,1.6,3.9,8.5
Matt Bonner,PF,32,SAS,68,4,909,4.4,9.1,0.487,2.1,4.8,0.442,2.3,4.4,0.536,0.4,0.6,0.733,1,4.1,5.1,1.4,0.7,0.8,0.6,3.4,11.4
Trevor Booker,PF,25,WAS,48,14,887,4.4,8.9,0.491,0,0.2,0,4.4,8.7,0.502,1.6,2.9,0.556,4,5.7,9.7,1.6,1.3,0.6,1.3,3.9,10.4
Carlos Boozer,PF,31,CHI,79,79,2546,7.7,16.1,0.477,0,0,0,7.7,16.1,0.478,2.7,3.7,0.731,2.5,8.4,10.9,2.5,0.9,0.4,2.5,3.4,18.1
Chris Bosh,C,28,MIA,74,74,2454,7.1,13.3,0.535,0.3,1.1,0.284,6.8,12.2,0.557,3.5,4.4,0.798,1.9,5.4,7.3,1.8,1,1.5,1.9,2.5,18.1
Avery Bradley,PG,22,BOS,50,50,1435,4.8,12,0.402,1,3.2,0.317,3.8,8.8,0.432,0.9,1.2,0.755,0.8,2,2.8,2.6,1.6,0.5,1.8,3.2,11.6
Elton Brand,C,33,DAL,72,18,1527,5.3,11.3,0.473,0,0,0,5.3,11.2,0.474,1.6,2.2,0.71,3.1,7.1,10.1,1.7,1.2,2.1,1.3,4.5,12.2
Corey Brewer,SF,26,DEN,82,2,2003,6.7,15.9,0.425,1.6,5.5,0.296,5.1,10.4,0.493,2.7,3.9,0.69,1,3.2,4.2,2.2,2.1,0.4,1.8,2.8,17.8
Ronnie Brewer,SF,27,TOT,60,34,853,3,8.4,0.354,1,3.2,0.303,2,5.1,0.385,0.7,1.6,0.41,1.8,4.1,5.9,2.1,1.8,0.3,0.8,1.4,7.6
Ronnie Brewer,SF,27,NYK,46,34,711,3.2,8.9,0.366,1.1,3.6,0.31,2.1,5.3,0.404,0.8,2,0.41,1.5,3.6,5.1,2,1.7,0.3,0.7,1.4,8.4
Ronnie Brewer,SF,27,OKC,14,0,142,1.5,5.8,0.261,0.3,1.3,0.2,1.3,4.6,0.278,0,0,,3.3,6.8,10.1,2.5,2.3,0,1,1.5,3.3
Aaron Brooks,PG,28,TOT,53,20,997,5.2,11.4,0.453,1.8,4.8,0.373,3.4,6.6,0.511,1.4,1.9,0.769,0.5,2.4,2.9,4.1,1.1,0.4,2.4,3.4,13.6
Aaron Brooks,PG,28,SAC,46,20,959,5.2,11.4,0.459,1.8,4.8,0.378,3.4,6.6,0.517,1.5,2,0.769,0.5,2.5,2.9,4.1,1.1,0.3,2.4,3.3,13.7
Aaron Brooks,PG,28,HOU,7,0,38,3.8,12.3,0.308,1.9,6.6,0.286,1.9,5.7,0.333,0,0,,0.9,0.9,1.9,5.7,0.9,2.8,3.8,4.7,9.5
Player,Pos,Age,Tm,G,GS,MP,FG,FGA,FG%,3P,3PA,3P,2P,2PA,2P,FT,FTA,FT%,ORB,DRB,TRB,AST,STL,BLK,TOV,PF,PTS
MarShon Brooks,SG,24,BRK,73,2,912,6.1,13.2,0.463,0.6,2.2,0.273,5.5,11.1,0.5,2.7,3.7,0.734,1.3,2.8,4.1,3,1.3,0.6,2.7,3.7,15.6
Kwame Brown,C,30,PHI,22,11,269,2.3,5,0.459,0,0,,2.3,5,0.459,0.9,2.5,0.368,3.1,6.8,9.9,1.2,0.8,1.3,1.1,5,5.5
Shannon Brown,SG,27,PHO,59,22,1402,6.2,14.7,0.42,1,3.6,0.277,5.2,11,0.467,2.5,3.2,0.784,1.1,2.7,3.8,2.8,1.5,0.4,1.9,2.4,15.8
Kobe Bryant,SG,34,LAL,78,78,3013,8.8,19.1,0.463,1.6,4.9,0.324,7.2,14.2,0.51,6.3,7.5,0.839,0.8,4.4,5.2,5.6,1.3,0.3,3.4,2.1,25.5
Chase Budinger,SF,24,MIN,23,1,508,5.6,13.5,0.414,1.8,5.7,0.321,3.8,7.8,0.482,2.3,3,0.762,1.1,4,5,1.8,1,0.5,1.6,2.1,15.3
Alec Burks,SG,21,UTA,64,0,1137,5.2,12.3,0.42,1,2.9,0.359,4.1,9.4,0.439,2.9,4.1,0.713,1.2,3.4,4.6,2.9,1.1,0.4,2.3,3.6,14.3
Caron Butler,SF,32,LAC,78,78,1879,5.8,13.8,0.424,2.5,6.3,0.388,3.4,7.5,0.454,1.4,1.7,0.833,0.8,3.5,4.3,1.5,1,0.2,1.4,2.7,15.6
Jimmy Butler,SF,23,CHI,82,20,2134,4,8.6,0.467,0.7,1.8,0.381,3.4,6.9,0.489,3.2,3.9,0.803,2.3,3.2,5.5,1.9,1.3,0.5,1,1.6,11.9
Will Bynum,PG,30,DET,65,0,1219,7.5,15.9,0.469,0.7,2.2,0.316,6.8,13.7,0.494,3.1,3.9,0.809,0.8,2,2.9,6.8,1.3,0.1,3.7,3.8,18.8
Jose Calderon,PG,31,TOT,73,58,2160,5.2,10.6,0.491,2.2,4.7,0.461,3,5.9,0.516,1.2,1.3,0.9,0.3,2.6,2.9,8.6,1,0.1,2.1,1.6,13.8
Jose Calderon,PG,31,TOR,45,30,1273,5.3,11.3,0.47,2.2,5.2,0.429,3.1,6.1,0.505,1.3,1.5,0.904,0.4,2.6,3,9.4,0.8,0.2,2.1,1.6,14.1
Jose Calderon,PG,31,DET,28,28,887,5.1,9.6,0.527,2.1,4,0.52,3,5.6,0.532,1,1.1,0.893,0.2,2.6,2.8,7.5,1.2,0.1,2.1,1.7,13.2
Marcus Camby,PF,38,NYK,24,4,250,2.4,7.6,0.321,0,0,,2.4,7.6,0.321,1.2,2.7,0.421,3.5,8.1,11.5,2,1,2,2.2,4,6
DeMarre Carroll,SF,26,UTA,66,12,1111,4.8,10.5,0.46,0.6,2.3,0.286,4.2,8.2,0.508,2.4,3.2,0.765,2.8,3.3,6.1,2,1.9,0.8,1.1,3.9,12.7
Matt Carroll,SG,32,CHA,1,0,6,0,0,,0,0,,0,0,,0,0,,0,0,0,6,0,0,0,6,0
Vince Carter,SF,36,DAL,81,3,2093,6.4,14.7,0.435,2.8,6.9,0.406,3.6,7.8,0.461,3.1,3.8,0.816,1,4.7,5.7,3.3,1.3,0.8,1.8,3.9,18.7
Omri Casspi,SF,24,CLE,43,1,503,4.5,11.5,0.394,1.8,5.4,0.329,2.7,6,0.452,1.6,2.9,0.537,1.4,6.7,8.2,2,1.8,0.9,1.6,3.2,12.4
Mario Chalmers,PG,26,MIA,77,77,2068,4,9.2,0.429,2.1,5.2,0.409,1.8,4,0.456,1.5,1.9,0.795,0.3,2.6,3,4.8,2.1,0.2,2.1,3.4,11.6
Tyson Chandler,C,30,NYK,66,66,2164,4.2,6.7,0.638,0,0,,4.2,6.7,0.638,3,4.3,0.694,4.5,7.2,11.7,1,0.7,1.2,1.4,3.1,11.5
Wilson Chandler,PF,25,DEN,43,8,1079,7,15.2,0.462,1.7,4.2,0.413,5.3,11,0.48,2.9,3.7,0.793,1.5,5.8,7.3,1.9,1.5,0.4,2,4,18.7
Josh Childress,SF,29,BRK,14,0,100,2.2,7.6,0.286,0.4,1.1,0.333,1.8,6.5,0.278,0.4,0.7,0.5,2.2,3.2,5.4,1.8,0.7,0.7,0,1.1,5
Earl Clark,PF,25,LAL,59,36,1363,4.5,10.2,0.44,0.9,2.7,0.337,3.6,7.4,0.479,1.4,2,0.697,2.2,6.4,8.6,1.7,1,1.2,1.6,2.7,11.3
Player,Pos,Age,Tm,G,GS,MP,FG,FGA,FG%,3P,3PA,3P,2P,2PA,2P,FT,FTA,FT%,ORB,DRB,TRB,AST,STL,BLK,TOV,PF,PTS
Victor Claver,SF,24,POR,49,16,812,3.3,8.4,0.392,1.1,3.9,0.287,2.2,4.5,0.48,0.6,1.3,0.467,1.4,3.9,5.3,1.9,1.2,0.5,1.9,3.3,8.3
Norris Cole,PG,24,MIA,80,4,1590,4.1,9.6,0.421,0.8,2.2,0.357,3.3,7.4,0.44,1.2,1.8,0.65,0.4,2.5,2.9,3.7,1.3,0.2,2.4,3.5,10.1
Jason Collins,C,34,TOT,38,9,384,0.8,2.7,0.31,0,0,,0.8,2.7,0.31,2.2,3,0.719,2.1,3.6,5.6,0.7,1.1,0.9,1.7,8,3.8
Jason Collins,C,34,BOS,32,7,330,0.9,2.5,0.348,0,0,,0.9,2.5,0.348,2.3,3.3,0.7,2.3,3.4,5.7,0.7,1.1,0.7,1.7,8.1,4
Jason Collins,C,34,WAS,6,2,54,0.7,4,0.167,0,0,,0.7,4,0.167,1.3,1.3,1,0.7,4.7,5.3,1.3,1.3,2.7,1.3,7.3,2.7
Darren Collison,PG,25,DAL,81,47,2372,5.2,11,0.471,0.7,2.1,0.353,4.4,8.9,0.498,3.7,4.2,0.88,0.5,2.9,3.3,6.3,1.5,0.1,2.6,2.1,14.8
Nick Collison,C,32,OKC,81,2,1583,4,6.7,0.595,0,0.1,0,4,6.6,0.603,1.4,1.8,0.769,2.8,4.8,7.6,2.8,1.2,0.7,1.6,4.5,9.4
Mike Conley,PG,25,MEM,80,80,2757,5.4,12.3,0.44,1.4,3.8,0.362,4,8.4,0.476,3.1,3.7,0.83,0.6,2.4,2.9,6.4,2.3,0.3,2.5,2.2,15.3
Will Conroy,PG,30,MIN,4,0,20,0,16.2,0,0,5.4,0,0,10.8,0,1.8,3.6,0.5,1.8,0,1.8,0,0,0,0,1.8,1.8
Daequan Cook,SG,25,TOT,49,1,441,4.2,13.6,0.305,2.1,7.4,0.286,2,6.2,0.329,0.7,1,0.75,0.6,4.4,5,1.6,0.7,0.6,1.2,2.1,11.2
Daequan Cook,SG,25,HOU,16,1,165,4.6,12.9,0.356,2.4,6.5,0.367,2.2,6.3,0.345,0.4,0.7,0.667,1.1,2.8,3.9,2.2,1.3,0.4,1.3,2.8,12
Daequan Cook,SG,25,CHI,33,0,276,3.9,14.1,0.278,2,8,0.246,2,6.1,0.319,0.9,1.2,0.778,0.3,5.3,5.6,1.2,0.3,0.7,1.2,1.7,10.7
Chris Copeland,PF,28,NYK,56,13,862,7.6,15.9,0.479,2.5,5.8,0.421,5.1,10,0.513,2.6,3.5,0.759,1.4,3.5,5,1.1,0.7,0.5,2.1,4.3,20.3
DeMarcus Cousins,C,22,SAC,75,74,2289,7.6,16.3,0.465,0.1,0.3,0.182,7.5,15.9,0.471,4.9,6.7,0.738,3.5,8.2,11.7,3.1,1.7,0.9,3.5,4.2,20.1
Jamal Crawford,SG,32,LAC,76,0,2230,7.2,16.4,0.438,2.4,6.4,0.376,4.8,10,0.477,3.5,4,0.871,0.4,1.7,2.1,3.1,1.3,0.2,2.4,1.1,20.3
Jordan Crawford,SG,24,TOT,70,14,1709,6.3,15.3,0.415,1.7,5.2,0.337,4.6,10.1,0.455,2.7,3.3,0.811,0.9,3.5,4.4,4.7,0.8,0.1,3,2.2,17.1
Jordan Crawford,SG,24,WAS,43,12,1127,6.7,16.2,0.415,1.9,5.5,0.345,4.9,10.8,0.451,2.8,3.4,0.821,1,3.3,4.3,5,0.9,0.2,3.1,1.9,18.1
Jordan Crawford,SG,24,BOS,27,2,582,5.6,13.4,0.415,1.5,4.6,0.32,4.1,8.8,0.465,2.6,3.3,0.792,0.8,3.8,4.6,4.2,0.7,0.1,2.7,2.8,15.2
Jae Crowder,SF,22,DAL,78,16,1353,3.8,9.8,0.384,1.7,5.1,0.328,2.1,4.7,0.446,1.3,1.9,0.644,0.9,4,5,2.5,1.7,0.5,1.3,3.4,10.4
Dante Cunningham,PF,25,MIN,80,9,2010,5.6,12,0.468,0,0.1,0,5.6,11.9,0.472,1.2,1.8,0.65,2.5,4.8,7.3,1.2,1.5,0.7,1,2.7,12.4
Jared Cunningham,SG,21,DAL,8,0,26,8.3,19.4,0.429,2.8,4.2,0.667,5.5,15.2,0.364,2.8,2.8,1,1.4,2.8,4.2,1.4,1.4,0,2.8,4.2,22.2
Eddy Curry,C,30,DAL,2,0,25,5.8,11.5,0.5,0,0,,5.8,11.5,0.5,1.4,5.8,0.25,2.9,2.9,5.8,0,0,0,4.3,10.1,13
Stephen Curry,PG,24,GSW,78,78,2983,7.6,16.8,0.451,3.3,7.2,0.453,4.3,9.5,0.449,3.2,3.5,0.9,0.7,3.1,3.8,6.5,1.5,0.1,2.9,2.4,21.6
Samuel Dalembert,C,31,MIL,47,23,765,6.4,11.9,0.542,0,0,1,6.4,11.9,0.54,1.8,2.6,0.691,4.9,8,13,1,0.8,2.5,2.4,4.2,14.7
Marquis Daniels,SF,32,MIL,59,33,1085,4.4,11.6,0.376,0.7,2.4,0.278,3.7,9.3,0.401,1.3,1.8,0.741,1.6,3.4,5,2.2,1.7,0.3,1.5,2.6,10.8
Anthony Davis,PF,19,NOH,64,60,1846,6.8,13.2,0.516,0,0.1,0,6.8,13.1,0.521,3.3,4.4,0.751,3.2,7,10.2,1.2,1.5,2.2,1.7,3.1,16.9
Player,Pos,Age,Tm,G,GS,MP,FG,FGA,FG%,3P,3PA,3P,2P,2PA,2P,FT,FTA,FT%,ORB,DRB,TRB,AST,STL,BLK,TOV,PF,PTS
Ed Davis,C-PF,23,TOT,81,28,1631,5.7,10.6,0.539,0,0,,5.7,10.6,0.539,2.3,3.7,0.617,3.4,6.8,10.2,1.4,0.8,1.9,1.4,4.2,13.8
Ed Davis,C,23,TOR,45,24,1087,6.2,11.2,0.549,0,0,,6.2,11.2,0.549,2.2,3.4,0.647,3.1,6.8,9.9,1.8,0.8,1.3,1.5,3.7,14.5
Ed Davis,PF,23,MEM,36,4,544,4.9,9.5,0.517,0,0,,4.9,9.5,0.517,2.4,4.3,0.569,3.8,6.8,10.6,0.5,0.9,3.1,1.2,5.3,12.2
Glen Davis,PF,27,ORL,34,33,1064,7.2,16.2,0.448,0,0.1,0,7.2,16.1,0.45,2.8,4,0.718,1.9,6.5,8.3,2.4,1.1,0.7,2.2,3,17.3
Austin Daye,SF,24,TOT,55,0,676,4.8,11.1,0.433,2.2,5.2,0.418,2.6,5.9,0.445,1.4,1.8,0.765,0.9,5.7,6.6,2.2,0.7,1.2,1.5,4.4,13.2
Austin Daye,SF,24,DET,24,0,348,4.4,10,0.443,2.2,4.1,0.525,2.3,5.9,0.386,1.6,1.9,0.833,1,5.5,6.5,2.2,0.5,0.8,1.3,4.4,12.6
Austin Daye,SF,24,MEM,31,0,328,5.2,12.2,0.423,2.2,6.4,0.345,3,5.8,0.509,1.2,1.8,0.688,0.7,5.9,6.6,2.3,1,1.5,1.8,4.3,13.7
Nando De Colo,SG,25,SAS,72,6,920,4.1,9.4,0.436,1.2,3.2,0.378,2.9,6.2,0.465,1.4,1.7,0.795,0.9,4.5,5.4,5.4,1.6,0.2,3.2,3.4,10.8
Carlos Delfino,SF,30,HOU,67,5,1689,5.3,13.2,0.405,3.4,9,0.375,2,4.2,0.467,1,1.2,0.857,0.4,4.3,4.7,2.9,1.4,0.2,1.5,2.4,15.1
Luol Deng,SF,27,CHI,75,75,2903,5.8,13.6,0.426,0.9,2.9,0.322,4.8,10.7,0.455,2.9,3.5,0.816,2,3.9,5.9,2.8,1,0.4,1.8,1.3,15.3
Justin Dentmon,PG,27,DAL,2,0,4,0,18,0,0,0,,0,18,0,0,0,,0,0,0,0,0,0,0,0,0
DeMar DeRozan,SG,23,TOR,82,82,3013,6.5,14.7,0.445,0.4,1.4,0.283,6.1,13.3,0.463,4.2,5.1,0.831,0.6,3.2,3.8,2.4,0.9,0.3,1.8,2.1,17.7
Boris Diaw,PF,30,SAS,75,20,1709,3.8,7,0.539,0.6,1.6,0.385,3.1,5.4,0.587,1,1.4,0.723,1.4,4,5.4,3.8,1.1,0.6,1.8,3,9.2
DeSagana Diop,C,31,CHA,22,1,226,1.3,4.3,0.296,0,0.2,0,1.3,4.1,0.308,0,0.2,0,1.6,6.5,8.1,2.1,0.8,2.5,1.3,3,2.5
Keyon Dooling,PG,32,MEM,7,0,82,4.4,9.2,0.476,2.2,5.3,0.417,2.2,4,0.556,2.6,3.1,0.857,0,0.4,0.4,3.5,0.4,0,2.2,3.5,13.6
Toney Douglas,PG,26,TOT,71,0,1289,5.3,13,0.403,2.3,6,0.38,3,7,0.424,2.1,2.3,0.905,0.9,2.9,3.9,4.2,2,0.1,2.3,4,14.9
Toney Douglas,PG,26,HOU,49,0,913,5.5,13.9,0.395,2.4,6.4,0.377,3.1,7.5,0.411,2.4,2.7,0.882,0.9,2.6,3.5,3.7,1.6,0.1,2.2,4.1,15.7
Toney Douglas,PG,26,SAC,22,0,376,4.7,10.9,0.43,2,5.2,0.389,2.7,5.7,0.467,1.5,1.5,1,1.1,3.5,4.6,5.6,3,0.1,2.4,4,12.9
Chris Douglas-Roberts,SG,26,DAL,6,0,63,2.9,8,0.357,0,2.3,0,2.9,5.7,0.5,4,5.7,0.7,0,2.9,2.9,2.3,1.1,0,0.6,2.3,9.7
Goran Dragic,PG,26,PHO,77,77,2581,5.6,12.6,0.443,1.2,3.8,0.319,4.4,8.8,0.497,3.4,4.5,0.748,0.8,2.5,3.3,7.9,1.7,0.4,3,3,15.8
Andre Drummond,C,19,DET,60,10,1243,6,9.9,0.608,0,0.1,0.5,6,9.8,0.609,1.7,4.6,0.371,4.9,8.3,13.2,0.9,1.7,2.8,1.7,4.2,13.8
Jared Dudley,SF,27,PHO,79,50,2170,5.2,11.1,0.468,1.8,4.5,0.391,3.4,6.6,0.52,2.1,2.7,0.796,1.3,2.8,4.1,3.4,1.2,0.1,1.7,2.1,14.3
Chris Duhon,PG,30,LAL,46,9,820,2.1,5.4,0.382,1.4,4,0.363,0.6,1.4,0.438,0.3,0.6,0.462,0.5,2.5,3,5.8,0.9,0,1.8,2.5,5.8
Tim Duncan,C,36,SAS,69,69,2078,8.5,16.9,0.502,0,0.1,0.286,8.5,16.8,0.504,4.2,5.2,0.817,2.1,9.7,11.9,3.2,0.9,3.2,2.5,2,21.3
Mike Dunleavy,SF,32,MIL,75,3,1943,5.1,11.6,0.442,2.4,5.5,0.428,2.7,6,0.455,1.9,2.4,0.82,0.6,4.8,5.4,2.7,0.7,0.6,1.7,2.5,14.5
Kevin Durant,SF,24,OKC,81,81,3119,8.4,16.5,0.51,1.6,3.9,0.416,6.8,12.7,0.539,7.8,8.7,0.905,0.5,6.9,7.4,4.3,1.3,1.2,3.2,1.7,26.3
Player,Pos,Age,Tm,G,GS,MP,FG,FGA,FG%,3P,3PA,3P,2P,2PA,2P,FT,FTA,FT%,ORB,DRB,TRB,AST,STL,BLK,TOV,PF,PTS
Devin Ebanks,SF,23,LAL,19,3,197,4.4,13.3,0.329,1.1,4,0.273,3.3,9.3,0.353,2,2.6,0.786,1.8,5.7,7.5,1.8,0.5,0.2,2,4.2,11.9
Wayne Ellington,SG,25,TOT,78,21,1661,4.9,11.5,0.427,2,5.2,0.392,2.9,6.3,0.457,1.5,1.6,0.907,0.5,3.1,3.6,2.3,1,0.1,1.2,1.8,13.3
Wayne Ellington,SG,25,MEM,40,4,676,4.3,10.6,0.407,2.2,5.2,0.423,2.1,5.4,0.392,0.8,0.9,0.938,0.3,2.5,2.8,2.2,0.9,0.1,1.3,2,11.6
Wayne Ellington,SG,25,CLE,38,17,985,5.3,12.1,0.439,1.9,5.2,0.371,3.4,6.8,0.492,1.9,2.2,0.898,0.7,3.4,4.2,2.3,1.1,0.1,1.2,1.6,14.5
Monta Ellis,SG,27,MIL,82,82,3076,7,16.8,0.416,1.1,3.8,0.287,5.9,13,0.454,3.4,4.4,0.773,0.5,3.2,3.7,5.8,2,0.4,3,1.9,18.5
Kim English,SG,24,DET,41,0,407,3.7,9.9,0.375,1.2,4.4,0.28,2.5,5.5,0.452,1.9,2.6,0.724,0.7,2.6,3.3,2.3,1.4,0.3,1.7,4.1,10.5
Jeremy Evans,PF,25,UTA,37,0,215,4.5,7.4,0.614,0,0.2,0,4.5,7.2,0.628,3.5,5.5,0.636,4.4,5.4,9.7,1.8,1.3,2.2,1.3,5,12.6
Reggie Evans,PF,32,BRK,80,56,1967,2.3,4.8,0.479,0,0,,2.3,4.8,0.479,2.1,4.1,0.509,4.8,11.5,16.3,0.8,1.4,0.2,2,3.6,6.6
Tyreke Evans,SG,23,SAC,65,61,2016,6.5,13.7,0.478,0.8,2.4,0.338,5.7,11.3,0.508,3.7,4.8,0.775,1,4.1,5.1,4.1,1.6,0.5,2.3,2.4,17.6
Festus Ezeli,C,23,GSW,78,41,1120,2.4,5.4,0.438,0,0,,2.4,5.4,0.438,1.4,2.6,0.531,4.5,5.5,10.1,0.7,0.7,2.4,2,5,6.1
Kenneth Faried,PF,23,DEN,80,80,2248,6.1,11,0.552,0,0,,6.1,11,0.552,2.6,4.3,0.613,4.2,7.6,11.8,1.2,1.3,1.3,1.8,3.7,14.8
Derrick Favors,PF,21,UTA,77,8,1787,5.5,11.4,0.482,0,0.1,0,5.5,11.3,0.487,3.6,5.2,0.688,3.7,7.3,11,1.5,1.3,2.6,2.6,5,14.6
Raymond Felton,PG,28,NYK,68,68,2313,5.9,13.7,0.427,1.4,4,0.36,4.4,9.7,0.455,1.6,2,0.789,0.8,2.2,3,5.8,1.5,0.2,2.4,2,14.8
Landry Fields,SF,24,TOR,51,22,1037,3.5,7.7,0.457,0.1,0.5,0.143,3.5,7.3,0.478,1.2,1.8,0.642,2,5.2,7.2,2.1,1.1,0.3,1.5,2.2,8.3
Derek Fisher,SG-PG,38,TOT,33,9,575,3.4,10.1,0.342,1.9,5,0.375,1.6,5.1,0.309,2.2,2.4,0.921,0.1,2.2,2.3,2.9,1.2,0.2,1.9,3.4,11
Derek Fisher,PG,38,DAL,9,9,229,3.6,10.2,0.354,1.6,3.6,0.435,2,6.6,0.31,3.3,3.6,0.913,0,2.4,2.4,4.9,0.8,0.3,2.8,3.8,12.1
Derek Fisher,SG,38,OKC,24,0,346,3.3,10,0.333,2.1,5.9,0.351,1.2,4.1,0.308,1.5,1.6,0.933,0.2,2.1,2.3,1.7,1.5,0.1,1.2,3.2,10.2
Evan Fournier,SG,20,DEN,38,4,428,6.3,12.8,0.493,1.9,4.5,0.407,4.5,8.2,0.541,2.5,3.3,0.769,0.5,2.4,2.9,3.7,1.6,0.1,2.7,5.5,17
Randy Foye,SG,29,UTA,82,72,2249,4.7,11.8,0.397,2.8,6.9,0.41,1.8,4.9,0.378,1.9,2.3,0.819,0.3,1.8,2,2.7,1.1,0.4,1.5,3,14.1
Jimmer Fredette,SG,23,SAC,69,0,967,6.4,15.2,0.421,2.4,5.8,0.417,4,9.4,0.423,3.2,3.7,0.859,0.7,1.9,2.6,3.4,1.2,0.1,2.5,2.4,18.4
Joel Freeland,PF,25,POR,51,1,477,4.4,10.7,0.408,0,0,,4.4,10.7,0.408,1.4,2,0.667,3,6,9,1,1,0.8,1.4,5.1,10.1
Danilo Gallinari,SF,24,DEN,71,71,2309,5.7,13.6,0.418,2.1,5.6,0.373,3.6,7.9,0.45,4.5,5.4,0.822,1,4.7,5.7,2.7,1,0.6,1.7,2,17.9
Francisco Garcia,SG-SF,31,TOT,58,20,1029,4.1,10.5,0.393,2.3,6.3,0.374,1.8,4.2,0.421,0.6,0.7,0.857,0.3,2.9,3.2,2.2,1.6,1.3,1.1,3.1,11.2
Francisco Garcia,SG,31,SAC,40,15,710,3.9,10.4,0.376,2,5.5,0.367,1.9,4.9,0.385,0.6,0.7,0.857,0.4,3.1,3.4,2.2,1.6,1.6,1,3.3,10.4
Francisco Garcia,SF,31,HOU,18,5,319,4.6,10.7,0.432,3,7.9,0.386,1.6,2.8,0.56,0.7,0.8,0.857,0.1,2.5,2.6,2.3,1.6,0.8,1.4,2.5,13
Kevin Garnett,C,36,BOS,68,68,2022,7.5,15.1,0.496,0,0.3,0.125,7.5,14.8,0.504,2.8,3.6,0.786,1.3,8.1,9.4,2.8,1.4,1.1,2,2.7,17.9
Player,Pos,Age,Tm,G,GS,MP,FG,FGA,FG%,3P,3PA,3P,2P,2PA,2P,FT,FTA,FT%,ORB,DRB,TRB,AST,STL,BLK,TOV,PF,PTS
Diante Garrett,PG,24,PHO,19,0,149,3.9,11.8,0.327,0.7,3.6,0.2,3.1,8.2,0.382,1.2,2.4,0.5,1.2,2.4,3.6,7.5,2.4,0,3.9,1.2,9.7
Marc Gasol,C,28,MEM,80,80,2796,5.5,11.2,0.494,0,0.2,0.071,5.5,11,0.501,3.5,4.1,0.848,2.4,5.6,8,4.1,1,1.8,2,3.3,14.5
Pau Gasol,PF,32,LAL,49,42,1655,5.9,12.6,0.466,0.2,0.6,0.286,5.7,12,0.475,2.7,3.9,0.702,2.4,6.7,9.2,4.4,0.5,1.3,2.3,2,14.6
Rudy Gay,SF,26,TOT,75,74,2687,7,16.8,0.416,1.1,3.5,0.323,5.9,13.3,0.44,3.2,4,0.814,1.3,4.9,6.2,2.7,1.5,0.7,2.7,2.4,18.3
Rudy Gay,SF,26,MEM,42,42,1541,6.6,16.1,0.408,0.9,3,0.31,5.6,13.1,0.431,2.8,3.6,0.776,1.3,4.5,5.8,2.5,1.3,0.7,2.4,2,16.9
Rudy Gay,SF,26,TOR,33,32,1146,7.5,17.7,0.425,1.4,4.1,0.336,6.2,13.6,0.452,3.7,4.4,0.856,1.4,5.3,6.7,3,1.8,0.7,3,3,20.2
Alonzo Gee,SF,25,CLE,82,82,2541,4.3,10.5,0.41,1,3.1,0.315,3.3,7.4,0.45,2.3,2.9,0.795,1.1,3.5,4.5,1.9,1.5,0.4,1.9,2.8,11.9
Mickael Gelabale,SF,29,MIN,36,13,644,4,7.8,0.518,0.9,2.9,0.308,3.1,4.9,0.644,1.2,1.3,0.875,1.8,3.7,5.5,1.5,0.9,0.2,0.9,2.6,10.1
Paul George,SF,22,IND,79,79,2972,6,14.2,0.419,2.1,5.7,0.362,3.9,8.6,0.457,2.7,3.3,0.807,1.1,6.2,7.3,4,1.7,0.6,2.8,2.7,16.7
Daniel Gibson,PG,26,CLE,46,3,919,3.3,9.7,0.34,2.2,6.4,0.344,1.1,3.3,0.333,1,1.4,0.703,0.2,2.2,2.4,3.2,1.2,0.2,1.2,3.5,9.8
Taj Gibson,PF,27,CHI,65,5,1459,5.3,10.9,0.485,0,0.1,0,5.3,10.8,0.49,2.2,3.2,0.679,3.1,5.4,8.5,1.5,0.7,2.2,1.9,4.1,12.8
Manu Ginobili,SG,35,SAS,60,0,1393,5.9,13.9,0.425,2.1,6.1,0.353,3.8,7.9,0.48,4.2,5.3,0.796,0.8,4.4,5.2,7.1,2.1,0.3,3.4,2.9,18.2
Drew Gooden,C,31,MIL,16,0,151,4.8,14.5,0.328,0.2,1.2,0.2,4.5,13.4,0.339,2.6,3.8,0.688,3.1,4.3,7.4,1.4,1.2,1.4,2.1,5,12.4
Ben Gordon,SG,29,CHA,75,0,1560,7.2,17.5,0.408,2.6,6.7,0.387,4.5,10.8,0.421,2.5,2.9,0.843,0.4,2.6,3,3.3,0.8,0.4,3.1,3.1,19.4
Eric Gordon,SG,24,NOH,42,40,1264,6.7,16.6,0.402,1.6,4.9,0.324,5.1,11.7,0.436,5.3,6.3,0.842,0.3,1.9,2.2,3.9,1.3,0.2,3.3,2.1,20.3
Marcin Gortat,C,28,PHO,61,61,1876,5.7,10.9,0.521,0,0.1,0,5.7,10.8,0.524,1.7,2.6,0.652,2.5,7.4,9.9,1.4,0.8,1.9,1.9,2.4,13
Andrew Goudelock,SG,24,LAL,1,0,6,0,12,0,0,0,,0,12,0,0,0,,6,0,6,0,0,0,0,0,0
Danny Granger,SF,29,IND,5,0,74,4.9,17,0.286,1,4.9,0.2,3.9,12.2,0.32,2.4,3.9,0.625,1.5,2.9,4.4,1.5,1,0.5,1.9,2.9,13.1
Aaron Gray,C,28,TOR,42,16,513,3.4,6.3,0.533,0,0,,3.4,6.3,0.533,1.6,3.1,0.523,3.4,6,9.3,2.3,0.5,0.4,2.5,6,8.4
Danny Green,SG,25,SAS,80,80,2201,4.9,10.8,0.448,2.9,6.8,0.429,2,4.1,0.48,1.1,1.3,0.848,0.6,3.4,4,2.3,1.5,0.9,1.5,2,13.7
Draymond Green,SF,22,GSW,79,1,1061,2.9,8.7,0.327,0.5,2.3,0.209,2.4,6.4,0.368,1.5,1.9,0.818,2,6.9,8.8,1.8,1.4,0.8,1.7,5.4,7.7
Gerald Green,SF,27,IND,60,7,1080,5.2,14.1,0.366,2,6.3,0.314,3.2,7.9,0.407,1.7,2.2,0.8,1,3.7,4.7,1.7,0.6,0.8,1.8,2.1,14
Player,Pos,Age,Tm,G,GS,MP,FG,FGA,FG%,3P,3PA,3P,2P,2PA,2P,FT,FTA,FT%,ORB,DRB,TRB,AST,STL,BLK,TOV,PF,PTS
Jeff Green,PF,26,BOS,81,17,2252,6,12.9,0.467,1.1,2.9,0.385,4.9,10,0.49,3.4,4.2,0.808,0.9,4.2,5.1,2,0.9,1.1,2.1,2.8,16.6
Willie Green,SG,31,LAC,72,60,1188,5.4,11.7,0.461,2.2,5,0.428,3.2,6.7,0.486,0.7,1,0.719,0.5,2.4,2.9,1.7,0.9,0.4,0.9,2.9,13.6
Blake Griffin,PF,23,LAC,80,80,2598,8,14.9,0.538,0.1,0.4,0.179,7.9,14.5,0.548,3.9,5.9,0.66,2.6,6.6,9.2,4.1,1.3,0.7,2.6,3.2,20
Hamed Haddadi,C,27,TOT,30,0,322,3.9,9.2,0.427,0,0,,3.9,9.2,0.427,1.6,3,0.519,4.8,7.6,12.4,1.3,0.7,3,3.5,6.7,9.4
Hamed Haddadi,C,27,MEM,13,0,87,2.9,8.7,0.333,0,0,,2.9,8.7,0.333,0.4,0.8,0.5,4.1,5.8,9.9,1.7,0.4,2.5,1.7,6.2,6.2
Hamed Haddadi,C,27,PHO,17,0,235,4.3,9.3,0.459,0,0,,4.3,9.3,0.459,2,3.8,0.52,5.1,8.3,13.3,1.2,0.8,3.2,4.1,6.9,10.6
Jordan Hamilton,SF,22,DEN,40,1,397,7.6,18.2,0.418,2.4,6.6,0.37,5.2,11.6,0.445,1.2,2.4,0.5,2.9,5.7,8.6,2.1,1.4,0.7,1.7,2.2,18.9
Richard Hamilton,SG,34,CHI,50,45,1088,6.8,15.7,0.429,0.5,1.7,0.308,6.2,14,0.444,2.2,2.5,0.857,0.5,2.2,2.7,3.9,0.8,0.2,2.8,3.1,16.2
Ben Hansbrough,PG,25,IND,28,0,200,2.7,8.1,0.333,1.1,4.1,0.261,1.6,4,0.409,3.8,4.9,0.778,0.4,2.9,3.2,3.8,1.3,0.4,3.2,4.1,10.3
Tyler Hansbrough,PF,27,IND,81,8,1366,4.6,10.7,0.432,0,0.1,0,4.6,10.6,0.436,5.7,7.9,0.72,4.2,5.6,9.8,0.9,0.8,0.5,2.1,4,15
James Harden,SG,23,HOU,78,78,2985,7.1,16.1,0.438,2.2,5.9,0.368,4.9,10.3,0.477,8.1,9.6,0.851,0.7,3.8,4.6,5.5,1.7,0.5,3.6,2.1,24.4
Maurice Harkless,SF,19,ORL,76,59,1974,4.7,10.3,0.461,0.6,2.1,0.274,4.2,8.2,0.51,1.3,2.3,0.57,2.2,3.9,6.1,0.9,1.6,1.1,1.3,2.6,11.4
Josh Harrellson,C,23,MIA,6,0,31,4.6,10.5,0.444,1.2,5.8,0.2,3.5,4.6,0.75,1.2,2.3,0.5,3.5,4.6,8.1,0,1.2,1.2,3.5,4.6,11.6
Al Harrington,C,32,ORL,10,0,119,6.1,17.2,0.351,2.4,9.1,0.267,3.6,8.2,0.444,0.9,1.2,0.75,1.8,6.4,8.2,3,1.2,0.3,2.1,5.4,15.4
Devin Harris,SG,29,ATL,58,34,1421,4.9,11.2,0.438,2,5.8,0.335,3,5.4,0.549,2.8,3.9,0.727,0.2,2.8,2.9,5,1.6,0.3,2.2,2.6,14.6
Terrel Harris,SG,25,TOT,20,0,137,1.1,7.1,0.148,0,2.1,0,1.1,5,0.211,1.8,2.6,0.7,1.1,5.8,6.8,2.4,0.5,0.8,4.5,4.5,3.9
Terrel Harris,SG,25,MIA,7,0,29,2.5,9.9,0.25,0,1.2,0,2.5,8.7,0.286,7.4,9.9,0.75,5,6.2,11.2,2.5,0,0,5,3.7,12.4
Terrel Harris,SG,25,NOH,13,0,108,0.7,6.3,0.105,0,2.3,0,0.7,4,0.167,0.3,0.7,0.5,0,5.7,5.7,2.3,0.7,1,4.3,4.7,1.7
Tobias Harris,SF-PF,20,TOT,55,34,1299,6.5,14.2,0.455,0.9,3,0.315,5.5,11.2,0.493,2.9,3.8,0.752,2,5.9,8,1.9,0.9,1.2,1.8,3.3,16.7
Tobias Harris,SF,20,MIL,28,14,325,5.9,12.7,0.461,0.8,2.3,0.333,5.1,10.4,0.489,2.5,2.9,0.885,1.9,4.4,6.3,1.4,0.9,0.8,2,3.4,15.1
Tobias Harris,PF,20,ORL,27,20,974,6.7,14.7,0.453,1,3.2,0.31,5.7,11.5,0.494,3,4.1,0.721,2.1,6.4,8.5,2.1,0.9,1.4,1.8,3.3,17.3
Udonis Haslem,PF,32,MIA,75,59,1414,3.3,6.4,0.514,0,0,,3.3,6.4,0.514,0.8,1.1,0.711,2.5,7.8,10.3,1,0.8,0.4,1.1,4.4,7.4
Spencer Hawes,C,24,PHI,82,40,2233,6.1,13.1,0.464,0.5,1.4,0.356,5.6,11.7,0.477,2,2.5,0.777,2.8,6.7,9.5,3,0.4,1.8,2.1,3.8,14.6
Chuck Hayes,C,29,SAC,74,1,1209,2.5,5.7,0.442,0,0,0,2.5,5.6,0.444,0.9,1.4,0.625,3.4,5.5,8.9,3.3,0.9,0.5,1.3,3.4,5.9
Gordon Hayward,SF,22,UTA,72,27,2104,5.7,13.2,0.435,1.7,4.2,0.415,4,9,0.444,4.2,5,0.827,0.9,3,3.8,3.6,1,0.7,2.1,2.1,17.4
Lazar Hayward,SF,26,MIN,4,0,31,2.3,11.6,0.2,0,4.6,0,2.3,7,0.333,7,7,1,0,4.6,4.6,3.5,2.3,0,0,3.5,11.6
Player,Pos,Age,Tm,G,GS,MP,FG,FGA,FG%,3P,3PA,3P,2P,2PA,2P,FT,FTA,FT%,ORB,DRB,TRB,AST,STL,BLK,TOV,PF,PTS
Brendan Haywood,C,33,CHA,61,17,1162,2.9,6.7,0.431,0,0,0,2.9,6.7,0.433,0.9,2,0.455,3.9,5.1,9,0.9,0.5,1.5,1.5,3.9,6.7
Gerald Henderson,SG,25,CHA,68,58,2133,6.4,14.4,0.447,0.6,1.7,0.33,5.9,12.7,0.462,4.4,5.3,0.824,0.9,3.3,4.2,3,1.1,0.6,1.8,2.5,17.8
Xavier Henry,SF,21,NOH,50,2,625,3.8,9.3,0.41,0.2,0.6,0.364,3.6,8.6,0.413,3.3,5.3,0.63,1.2,4,5.2,0.7,0.9,0.3,1.8,4.1,11.2
John Henson,PF,22,MIL,63,9,827,7.1,14.6,0.482,0,0.1,0,7.1,14.5,0.486,2.4,4.6,0.533,5,7.9,12.9,1.3,0.8,1.8,2,3.6,16.5
Roy Hibbert,C,26,IND,79,79,2269,6.1,13.6,0.448,0,0.1,0.25,6.1,13.6,0.449,2.6,3.6,0.741,4.7,5.7,10.4,1.8,0.6,3.3,2.6,4.4,14.9
J.J. Hickson,C,24,POR,80,80,2323,6.5,11.5,0.562,0,0,0,6.5,11.5,0.563,2.8,4.2,0.679,4.1,8.7,12.8,1.4,0.7,0.8,2.2,2.5,15.8
Cory Higgins,SG,23,CHA,6,0,32,6.8,21.4,0.316,1.1,5.6,0.2,5.6,15.8,0.357,1.1,2.3,0.5,1.1,2.3,3.4,5.6,3.4,0,0,5.6,15.8
Nene Hilario,PF,30,WAS,61,49,1659,6.2,12.9,0.48,0,0,0,6.2,12.9,0.481,4.3,5.8,0.729,2.2,6.6,8.8,3.8,1.2,0.8,3,3.7,16.6
George Hill,PG,26,IND,76,76,2620,5.3,12,0.443,1.8,4.9,0.368,3.5,7.1,0.494,2.4,2.9,0.817,0.6,3.3,3.9,4.9,1.1,0.4,1.6,1.8,14.8
Grant Hill,SF,40,LAC,29,0,437,3.1,8.1,0.388,0.2,0.9,0.273,2.9,7.2,0.402,1.2,2,0.583,0.5,3.5,4,2.1,0.9,0.6,2.1,3.2,7.7
Jordan Hill,PF,25,LAL,29,1,458,6.1,12.2,0.497,0,0.2,0,6.1,12,0.503,3.1,4.8,0.656,6.4,6.6,13,1,0.6,1.5,2,4.3,15.2
Kirk Hinrich,PG,32,CHI,60,60,1764,3.2,8.6,0.377,1.4,3.7,0.39,1.8,4.9,0.367,1.4,2,0.714,0.3,2.9,3.2,6.4,1.3,0.5,2,3.9,9.4
Jrue Holiday,PG,22,PHI,78,78,2926,6.8,15.8,0.431,1.1,3,0.368,5.7,12.8,0.446,2.2,3,0.752,1.1,3,4,7.7,1.5,0.4,3.6,2.1,17
Justin Holiday,SG,23,PHI,9,0,142,4.1,12.2,0.333,1,4.1,0.25,3,8.1,0.375,1.5,2,0.75,0,3.5,3.5,3.8,0.8,1.5,2.3,1.8,10.6
Ryan Hollins,C,28,LAC,60,0,663,3.8,6.2,0.614,0,0,,3.8,6.2,0.614,3.6,4.8,0.75,2.7,4.8,7.5,0.6,0.3,1.8,2.4,7.2,11.2
Tyler Honeycutt,SF,22,SAC,9,0,32,3.4,12.4,0.273,0,2.3,0,3.4,10.1,0.333,2.3,2.3,1,3.4,7.9,11.3,2.3,0,1.1,5.6,2.3,9
Al Horford,C,26,ATL,74,74,2756,7.5,13.8,0.543,0,0.1,0.5,7.5,13.8,0.544,1.8,2.7,0.644,2.5,7.3,9.9,3.1,1,1,1.9,2.1,16.8
Dwight Howard,C,27,LAL,76,76,2722,6.2,10.8,0.578,0,0.1,0.167,6.2,10.7,0.581,4.7,9.5,0.492,3.3,9.2,12.5,1.4,1.1,2.5,3,3.8,17.1
Josh Howard,SF,32,MIN,11,4,207,5.4,13.4,0.403,0.9,2.8,0.313,4.5,10.6,0.426,1.2,2.1,0.583,1.6,4.7,6.3,0.7,1.7,0.5,1.7,3.1,12.9
Juwan Howard,PF,39,MIA,7,2,51,7.1,13.4,0.526,0,0,,7.1,13.4,0.526,0.7,0.7,1,0,5.6,5.6,4.2,0,0,2.8,6.4,14.8
Player,Pos,Age,Tm,G,GS,MP,FG,FGA,FG%,3P,3PA,3P,2P,2PA,2P,FT,FTA,FT%,ORB,DRB,TRB,AST,STL,BLK,TOV,PF,PTS
Kris Humphries,PF,27,BRK,65,21,1191,4.2,9.4,0.448,0,0.1,0,4.2,9.3,0.451,2.9,3.7,0.789,3.8,7.2,11,1,0.5,1,1.7,3.8,11.3
Serge Ibaka,PF,23,OKC,80,80,2486,6.5,11.3,0.573,0.3,0.8,0.351,6.2,10.4,0.591,2.1,2.8,0.749,3.2,5.7,8.9,0.6,0.4,3.5,1.8,3.1,15.3
Andre Iguodala,SG,29,DEN,80,80,2779,5.1,11.4,0.451,1.2,3.7,0.317,4,7.7,0.515,2,3.5,0.574,1.1,4.4,5.5,5.6,1.8,0.7,2.7,1.6,13.4
Ersan Ilyasova,PF,25,MIL,73,54,2012,6.6,14.4,0.462,1.7,3.8,0.444,4.9,10.5,0.469,2.2,2.8,0.796,2.8,6.5,9.3,2.1,1.2,0.6,1.3,3.3,17.2
Kyrie Irving,PG,20,CLE,59,59,2048,8.5,18.8,0.452,1.9,4.9,0.391,6.6,13.9,0.474,4.4,5.1,0.855,0.6,3.2,3.8,6.2,1.6,0.4,3.4,2.6,23.3
Royal Ivey,SG,31,PHI,53,5,698,3.2,7.4,0.431,1.9,4.5,0.42,1.3,2.9,0.446,0.5,0.8,0.563,0.8,2.1,2.9,1.7,1.2,0.2,1,3.8,8.8
Jarrett Jack,SG,29,GSW,79,4,2349,5.9,13.1,0.452,1.3,3.1,0.404,4.7,10,0.466,2.6,3,0.843,0.3,3.4,3.7,6.7,0.9,0.2,2.4,2.1,15.7
Reggie Jackson,PG,22,OKC,70,0,993,5.4,11.8,0.458,0.9,3.8,0.231,4.5,8,0.566,1.9,2.2,0.839,0.8,5.3,6,4.4,1.1,0.5,1.9,3,13.6
Stephen Jackson,SF,34,SAS,55,6,1075,4.1,11.1,0.373,1.5,5.7,0.271,2.6,5.4,0.481,1.6,2.3,0.7,0.7,4.5,5.2,2.7,1.2,0.5,2.6,3,11.4
Bernard James,C,27,DAL,46,11,457,4.2,8.1,0.515,0,0.2,0,4.2,8,0.525,2,3.2,0.61,4.1,6.2,10.3,0.5,0.9,3,1.4,5,10.3
Damion James,SF,25,BRK,2,0,0,,,,,,,,,,,,,,,,,,,,,
LeBron James,PF,28,MIA,76,76,2877,9.6,16.9,0.565,1.3,3.2,0.406,8.3,13.8,0.602,5,6.7,0.753,1.2,6.4,7.6,6.9,1.6,0.8,2.8,1.4,25.5
Mike James,PG,37,DAL,45,23,862,4.2,11.3,0.373,2,5.2,0.384,2.2,6.1,0.363,1,1.2,0.793,0.4,2.6,3,5.8,1.1,0.1,2.3,4,11.4
Antawn Jamison,PF,36,LAL,76,6,1636,5.9,12.7,0.464,1.8,5.1,0.361,4,7.5,0.535,2.1,3,0.691,2.4,5.6,8,1.1,0.7,0.5,1.2,2.7,15.7
Al Jefferson,C,28,UTA,78,78,2578,8.5,17.3,0.494,0,0.2,0.118,8.5,17,0.5,2.3,3,0.77,2.2,7.9,10.1,2.3,1.1,1.2,1.5,2.4,19.4
Richard Jefferson,SF,32,GSW,56,1,568,3.9,8.6,0.456,0.9,2.9,0.311,3,5.8,0.527,2.4,3.4,0.717,0.3,5,5.3,2,0.9,0.4,1.5,2.9,11.2
Jared Jeffries,PF,31,POR,38,0,350,1.6,5.6,0.296,0,0.2,0,1.6,5.3,0.308,1.2,2.4,0.522,2.7,3.5,6.2,1.4,0.6,0.6,1.7,6,4.5
Charles Jenkins,SG-PG,23,TOT,59,1,441,4,9.9,0.405,0.1,0.2,0.5,3.9,9.7,0.403,1,1.8,0.545,0.7,2,2.6,3.6,1.2,0.2,1.7,1.8,9.1
Charles Jenkins,SG,23,GSW,47,0,291,4.3,10.3,0.422,0.1,0.2,0.5,4.2,10,0.42,1.2,2.2,0.556,0.6,2,2.6,3.5,1.1,0.1,2.4,2.2,10
Charles Jenkins,PG,23,PHI,12,1,150,3.4,9.1,0.368,0,0,,3.4,9.1,0.368,0.5,1,0.5,0.7,1.9,2.6,3.8,1.4,0.2,0.5,1,7.2
John Jenkins,SG,21,ATL,61,2,902,5.2,11.7,0.446,2.1,5.5,0.384,3.1,6.2,0.5,2.4,2.8,0.843,0.7,3.1,3.8,2.2,0.5,0.4,1.6,1.5,14.9
Brandon Jennings,PG,23,MIL,80,80,2897,6.2,15.5,0.399,2.1,5.7,0.375,4,9.8,0.412,2.9,3.5,0.819,0.7,2.3,3.1,6.5,1.6,0.1,2.5,1.9,17.4
Player,Pos,Age,Tm,G,GS,MP,FG,FGA,FG%,3P,3PA,3P,2P,2PA,2P,FT,FTA,FT%,ORB,DRB,TRB,AST,STL,BLK,TOV,PF,PTS
Jonas Jerebko,PF,25,DET,49,2,892,5.7,12.8,0.449,1,3.3,0.301,4.7,9.4,0.502,2.7,3.6,0.773,2.7,4.7,7.5,1.7,1.5,0.3,1.7,3.6,15.2
Amir Johnson,PF,25,TOR,81,38,2325,5.2,9.4,0.554,0.1,0.2,0.385,5.1,9.2,0.558,2.1,2.9,0.727,3.5,5.9,9.5,1.9,1.3,1.7,1.8,4.7,12.6
Chris Johnson,C,27,MIN,30,0,284,6.1,9.5,0.64,0,0,,6.1,9.5,0.64,2.7,4.3,0.618,2.5,5.1,7.6,1,0.9,3.5,1.6,6.2,14.8
Chris Johnson,SF,22,MEM,8,0,102,3.9,8.8,0.44,2.1,6.4,0.333,1.8,2.5,0.714,0.4,0.7,0.5,1.8,2.1,3.9,0.7,1.4,0,1.1,1.8,10.2
Ivan Johnson,PF,28,ATL,69,5,1035,6.4,12.4,0.52,0,0.5,0.077,6.4,11.9,0.536,2.8,4.6,0.618,2.6,6.6,9.3,1.6,1.9,0.5,2.5,4.6,15.7
James Johnson,SF,25,SAC,54,11,878,4.8,11.6,0.413,0.1,0.9,0.095,4.7,10.7,0.439,1.6,2.7,0.597,2,3.9,5.9,2.4,1.7,2.1,2.8,4.1,11.3
Joe Johnson,SG,31,BRK,72,72,2642,6.1,14.3,0.423,2,5.4,0.375,4,9,0.452,1.8,2.2,0.82,0.7,2.2,3,3.4,0.7,0.2,1.7,1.3,15.9
Orlando Johnson,SG,23,IND,51,0,619,4.2,10.5,0.4,2.1,5.5,0.383,2.1,5,0.419,1.3,1.9,0.719,1.2,5.2,6.4,2.7,0.6,0.5,1.7,3,11.8
Wesley Johnson,SF,25,PHO,50,21,953,6.1,15,0.407,1.9,5.9,0.323,4.2,9.1,0.461,1,1.3,0.771,0.8,3.9,4.6,1.3,0.8,0.7,1.8,2.1,15.1
Darius Johnson-Odom,SG,23,LAL,4,0,6,0,24,0,0,6,0,0,18,0,0,0,,6,18,24,6,0,0,0,0,0
Dahntay Jones,SF,32,TOT,78,19,1016,2.9,7.9,0.369,0.4,1.7,0.224,2.5,6.1,0.41,3.1,4,0.77,0.9,2.7,3.6,1.7,0.8,0.2,1.3,4.2,9.3
Dahntay Jones,SF,32,DAL,50,15,635,2.8,7.9,0.357,0.5,2.1,0.216,2.4,5.8,0.408,3.7,4.6,0.805,0.7,3.2,4,1.6,0.6,0.3,1.2,4.1,9.9
Dahntay Jones,SF,32,ATL,28,4,381,3,7.7,0.39,0.3,1.1,0.25,2.7,6.6,0.414,2,2.9,0.677,1,1.9,2.9,1.9,1.1,0.1,1.5,4.3,8.3
DeQuan Jones,SF,22,ORL,63,17,803,4.3,9.8,0.436,0.4,1.6,0.257,3.9,8.2,0.47,1.5,2.3,0.667,0.8,3.9,4.7,0.7,0.9,1,1.3,2.5,10.4
Dominique Jones,PG,24,DAL,29,3,338,4.3,11.6,0.367,0.1,1,0.111,4.2,10.7,0.39,3.7,5.6,0.66,1.9,2.9,4.8,8.8,1.5,0.2,4,3.1,12.4
James Jones,SF,32,MIA,38,0,221,3.4,9.9,0.344,2.6,8.6,0.302,0.8,1.3,0.625,0.3,0.7,0.5,0,3.6,3.6,2.1,0.3,1,0.5,2.6,9.8
Kevin Jones,PF,23,CLE,32,0,334,4.6,11.5,0.402,0,0,,4.6,11.5,0.402,1,1.6,0.6,4.1,4.3,8.4,1.1,1,0.5,0.9,2.7,10.2
Perry Jones,SF,21,OKC,38,1,280,5,12.7,0.394,0,0.3,0,5,12.5,0.402,1.3,1.9,0.667,1.5,6.4,8,1.3,0.6,0.8,1.9,3,11.3
Solomon Jones,PF,28,NYK,2,1,26,0,1.4,0,0,0,,0,1.4,0,0,0,,1.4,2.8,4.2,0,0,1.4,4.2,4.2,0
Terrence Jones,PF,21,HOU,19,0,276,5.6,12.3,0.457,0.7,2.5,0.263,5,9.8,0.507,1.7,2.2,0.765,3.7,4.8,8.5,2,1.6,2.5,1.7,2.7,13.6
DeAndre Jordan,C,24,LAC,82,82,2010,5.6,8.7,0.643,0,0,,5.6,8.7,0.643,1.7,4.5,0.386,3.8,6.9,10.6,0.5,0.9,2,1.8,3.4,13
Cory Joseph,PG,21,SAS,28,9,388,4.7,10.2,0.464,0.6,1.9,0.286,4.2,8.3,0.506,1.7,1.9,0.857,1.1,3.7,4.8,4.9,1.4,0.4,1.9,2.3,11.7
Player,Pos,Age,Tm,G,GS,MP,FG,FGA,FG%,3P,3PA,3P,2P,2PA,2P,FT,FTA,FT%,ORB,DRB,TRB,AST,STL,BLK,TOV,PF,PTS
Kris Joseph,SF,24,TOT,10,0,54,1.3,9.3,0.143,0,2,0,1.3,7.3,0.182,3.3,5.3,0.625,0.7,4,4.7,0.7,2,0,1.3,2,6
Kris Joseph,SF,24,BOS,6,0,24,3,16.5,0.182,0,3,0,3,13.5,0.222,4.5,6,0.75,1.5,6,7.5,1.5,0,0,3,3,10.5
Kris Joseph,SF,24,BRK,4,0,30,0,3.6,0,0,1.2,0,0,2.4,0,2.4,4.8,0.5,0,2.4,2.4,0,3.6,0,0,1.2,2.4
Chris Kaman,C,30,DAL,66,52,1363,8.3,16.3,0.507,0,0,0,8.3,16.3,0.508,1.8,2.2,0.788,2.6,7.3,9.8,1.3,0.8,1.4,2.7,3.7,18.3
Enes Kanter,C,20,UTA,70,2,1078,6.9,12.7,0.544,0,0,1,6.8,12.6,0.542,3.1,3.9,0.795,4.5,5.6,10.2,1,0.9,1.1,3.4,3.9,16.9
Jason Kidd,SG,39,NYK,76,48,2043,2.7,7.2,0.372,2,5.7,0.351,0.7,1.5,0.452,0.7,0.8,0.833,0.9,4.8,5.7,4.4,2.2,0.4,1.3,2.2,8.1
Michael Kidd-Gilchrist,SF,19,CHA,78,77,2025,5,10.9,0.458,0,0.2,0.222,5,10.7,0.462,2.5,3.3,0.749,2.3,5.8,8.1,2.1,1,1.2,1.8,2.9,12.5
Andrei Kirilenko,SF,31,MIN,64,64,2034,5,9.9,0.507,0.6,2.1,0.292,4.4,7.8,0.566,3.3,4.4,0.752,1.8,4.6,6.4,3.1,1.7,1.1,2.1,1.5,14
Linas Kleiza,SF,28,TOR,20,3,376,4.6,13.8,0.333,1.9,6.3,0.303,2.7,7.5,0.359,3.1,3.6,0.842,1,4,5,1.5,0.4,0.2,1.3,4.3,14.2
Brandon Knight,PG,21,DET,75,75,2365,5.4,13.4,0.407,1.8,5,0.367,3.6,8.4,0.43,2.5,3.4,0.733,0.8,2.9,3.8,4.6,0.9,0.1,3.1,2.4,15.2
Kyle Korver,SF,31,ATL,74,60,2259,4.4,9.6,0.461,3,6.6,0.457,1.4,3,0.471,1.1,1.2,0.859,0.4,4.3,4.7,2.3,1.1,0.6,1.1,2.7,12.9
Kosta Koufos,C,23,DEN,81,81,1817,5.8,10.1,0.581,0,0,0,5.8,10,0.582,1.1,2.1,0.558,4.2,7,11.1,0.6,0.9,2,1.1,4.9,12.8
Viacheslav Kravtsov,C,25,DET,25,0,224,5.3,7.4,0.717,0,0,,5.3,7.4,0.717,1.8,5.9,0.297,3.9,3.4,7.2,1.4,0.8,1.4,2.3,5.1,12.4
Doron Lamb,SG,21,TOT,47,0,577,3.7,10.2,0.368,0.9,2.3,0.378,2.9,7.9,0.365,1.2,2.1,0.588,0.5,2.4,2.9,2,0.8,0,1.6,3.2,9.6
Doron Lamb,SG,21,MIL,23,0,280,4.2,12.2,0.347,0.5,2.1,0.25,3.7,10.2,0.367,1,1.9,0.533,0.4,1.8,2.2,2.6,0.9,0,2.1,3.5,10
Doron Lamb,SG,21,ORL,24,0,297,3.3,8.2,0.397,1.2,2.5,0.476,2.1,5.7,0.362,1.5,2.3,0.632,0.6,2.9,3.5,1.5,0.7,0,1.2,3,9.2
Jeremy Lamb,SF,20,OKC,23,0,147,5.9,16.7,0.353,2.2,7.3,0.3,3.7,9.3,0.395,3.4,3.4,1,1.2,3.2,4.4,1.2,0.5,0.5,1.5,3.2,17.4
Carl Landry,PF,29,GSW,81,2,1876,6.2,11.6,0.54,0,0.1,0.333,6.2,11.5,0.541,4.3,5.2,0.817,3.5,5.8,9.3,1.2,0.7,0.6,2.2,3.6,16.8
Ty Lawson,PG,25,DEN,73,71,2513,6.4,13.9,0.461,1.2,3.3,0.366,5.2,10.6,0.491,3.4,4.5,0.756,0.5,2.3,2.8,7.2,1.5,0.1,2.6,1.9,17.4
Courtney Lee,SG,27,BOS,78,39,1941,4.6,9.8,0.464,1.1,2.9,0.372,3.5,6.9,0.503,1.1,1.3,0.861,0.6,2.9,3.5,2.7,1.7,0.4,1.6,2.6,11.4
David Lee,PF,29,GSW,79,79,2907,7.5,14.4,0.519,0,0,0,7.5,14.3,0.521,3.2,4,0.797,2.7,8.3,11,3.5,0.8,0.3,2.6,3,18.1
Malcolm Lee,SG,22,MIN,16,12,289,3.6,9.5,0.382,1,3,0.333,2.6,6.5,0.404,1.5,2.5,0.6,1.9,3,4.9,2.5,1.5,0.7,1.2,3.7,9.7
Kawhi Leonard,SF,21,SAS,58,57,1810,5.2,10.5,0.494,1.3,3.5,0.374,3.9,7,0.554,2.1,2.5,0.825,1.3,5.6,6.9,1.8,1.9,0.6,1.2,2,13.7
Meyers Leonard,C,20,POR,69,9,1206,4.5,8.3,0.545,0.1,0.2,0.429,4.4,8.1,0.548,2.1,2.7,0.809,2.4,5.2,7.6,1,0.3,1.1,1.5,5,11.3
Player,Pos,Age,Tm,G,GS,MP,FG,FGA,FG%,3P,3PA,3P,2P,2PA,2P,FT,FTA,FT%,ORB,DRB,TRB,AST,STL,BLK,TOV,PF,PTS
Jon Leuer,PF-C,23,TOT,28,0,187,4.8,10,0.481,0,0.6,0,4.8,9.4,0.51,1.2,2.5,0.462,2.5,4.6,7.1,1.5,1.2,0,1.5,4,10.8
Jon Leuer,C,23,CLE,9,0,91,4,11.1,0.357,0,1.2,0,4,9.9,0.4,0.8,2.4,0.333,2,3.2,5.1,2,0.8,0,2,4.4,8.7
Jon Leuer,PF,23,MEM,19,0,96,5.6,9,0.625,0,0,,5.6,9,0.625,1.5,2.6,0.571,3,6,9,1.1,1.5,0,1.1,3.7,12.7
Rashard Lewis,PF,33,MIA,55,9,792,4.7,11.3,0.414,2.3,6,0.389,2.4,5.4,0.441,1.3,2,0.622,0.9,4.6,5.5,1.4,1,0.6,1.5,3,13
DeAndre Liggins,SG,24,OKC,39,1,290,2.6,5.8,0.447,0.9,2.4,0.368,1.7,3.5,0.5,1.1,2.2,0.5,1.6,5,6.6,1.9,2.2,0.4,1.7,4.1,7.2
Damian Lillard,PG,22,POR,82,82,3167,6.3,14.6,0.429,2.1,5.7,0.368,4.2,8.9,0.469,3.1,3.6,0.844,0.5,2.4,2.9,6,0.8,0.2,2.8,2,17.8
Jeremy Lin,PG,24,HOU,82,82,2640,5.4,12.2,0.441,1.2,3.5,0.339,4.2,8.7,0.483,2.9,3.7,0.785,0.4,2.9,3.4,6.8,1.8,0.4,3.2,2.8,14.9
Shaun Livingston,PG,27,TOT,66,16,1455,4.1,8.6,0.48,0,0.1,0,4.1,8.5,0.485,2.1,2.4,0.867,0.8,3.1,3.9,5.3,1.2,0.8,1.9,3.1,10.3
Shaun Livingston,PG,27,WAS,17,4,320,2.7,7.4,0.364,0,0.3,0,2.7,7.1,0.381,1.7,1.7,1,0.2,3.9,4.2,4.3,1.2,0.2,1.9,2.5,7.1
Shaun Livingston,PG,27,CLE,49,12,1135,4.5,8.9,0.507,0,0,0,4.5,8.8,0.509,2.2,2.6,0.843,0.9,2.9,3.8,5.6,1.2,0.9,1.9,3.3,11.2
Brook Lopez,C,24,BRK,74,74,2253,9.1,17.5,0.521,0,0,0,9.1,17.5,0.522,4.7,6.3,0.758,3.3,4.9,8.2,1.1,0.5,2.5,2.1,2.4,23
Robin Lopez,C,24,NOH,82,82,2136,6.5,12.1,0.534,0,0,,6.5,12.1,0.534,2.7,3.5,0.778,3.8,4,7.8,1.1,0.5,2.2,1.9,2.8,15.7
Kevin Love,PF,24,MIN,18,18,618,6.1,17.4,0.352,1.2,5.4,0.217,5,12,0.413,5.8,8.3,0.704,3.7,11,14.7,2.4,0.8,0.5,2.3,2,19.2
Kyle Lowry,PG,26,TOR,68,52,2020,4.5,11.1,0.401,1.8,5,0.362,2.7,6.1,0.433,3.4,4.3,0.795,1,4.7,5.7,7.8,1.7,0.4,2.8,3.9,14.1
John Lucas,PG,30,TOR,63,0,827,5.6,14.5,0.386,2.5,6.6,0.377,3.1,8,0.393,0.8,1.1,0.72,0.3,2.5,2.8,4.6,1,0,1.1,2.2,14.5
Scott Machado,PG,22,HOU,6,0,21,5.1,10.3,0.5,0,1.7,0,5.1,8.6,0.6,3.4,3.4,1,0,1.7,1.7,10.3,3.4,0,13.7,0,13.7
Shelvin Mack,PG-SG,22,TOT,31,3,416,5,10.9,0.46,1.6,4.2,0.367,3.5,6.7,0.519,0.8,1.4,0.563,0.3,3.2,3.5,5.9,1.3,0,2.9,3.4,12.4
Shelvin Mack,PG,22,WAS,7,2,141,4.1,10.2,0.4,1,3.3,0.308,3.1,6.9,0.444,0.3,0.5,0.5,0.8,3.3,4.1,5.9,1.5,0,2,2.6,9.4
Shelvin Mack,SG,22,PHI,4,0,7,5.1,10.3,0.5,0,5.1,0,5.1,5.1,1,0,0,,0,0,0,5.1,0,0,10.3,5.1,10.3
Shelvin Mack,PG,22,ATL,20,1,268,5.5,11.3,0.488,1.9,4.7,0.4,3.6,6.6,0.551,1.1,1.9,0.571,0,3.2,3.2,5.9,1.2,0,3.2,3.8,14
Corey Maggette,SF,33,DET,18,0,257,3.8,10.6,0.355,0.7,2.9,0.238,3.1,7.7,0.4,5,6.7,0.75,0.7,2.8,3.5,2.7,0.8,0.3,2.4,5.9,13.3
Ian Mahinmi,C,26,IND,80,2,1322,4.1,9,0.453,0,0.1,0,4.1,8.9,0.456,2.8,4.7,0.608,3.1,5.3,8.5,0.7,1.1,1.8,2.5,5.5,10.9
Shawn Marion,PF,34,DAL,67,67,2010,6.4,12.4,0.514,0.4,1.3,0.315,5.9,11.1,0.538,1.4,1.8,0.782,2.6,6.8,9.4,2.9,1.3,0.8,1.8,2,14.5
Kendall Marshall,PG,21,PHO,48,3,702,2.9,7.7,0.371,1.2,3.7,0.315,1.7,4,0.423,0.4,0.7,0.571,0.2,1.9,2.2,7.3,1.1,0.2,2.9,2.5,7.3
Cartier Martin,SF,28,WAS,41,3,694,5,13.1,0.381,3,7.6,0.397,2,5.5,0.358,1,1.5,0.714,0.6,4.6,5.2,1,1,0.3,1.7,3,14
Kenyon Martin,C,35,NYK,18,11,431,4.7,7.8,0.602,0,0,,4.7,7.8,0.602,1.4,3.3,0.425,2.8,5.1,7.9,0.7,1.3,1.4,1.3,5.3,10.8
Kevin Martin,SG,29,OKC,77,0,2136,5.9,13.1,0.45,2.7,6.3,0.426,3.2,6.9,0.472,3.7,4.1,0.89,0.5,2.5,3,1.8,1.2,0.1,1.7,2.3,18.2
Player,Pos,Age,Tm,G,GS,MP,FG,FGA,FG%,3P,3PA,3P,2P,2PA,2P,FT,FTA,FT%,ORB,DRB,TRB,AST,STL,BLK,TOV,PF,PTS
Roger Mason,SG,32,NOH,69,13,1219,3.9,9,0.433,1.9,4.7,0.415,1.9,4.3,0.452,1.2,1.3,0.907,0.3,3.6,3.9,2.2,0.8,0.3,1.5,3.1,10.9
Wesley Matthews,SG,26,POR,69,69,2403,5.3,12.1,0.436,2.5,6.4,0.398,2.7,5.7,0.478,2.2,2.8,0.797,0.5,2.3,2.9,2.6,1.3,0.3,1.6,2.6,15.3
Jason Maxiell,PF,29,DET,72,71,1789,4.1,9.2,0.446,0,0,,4.1,9.2,0.446,1.8,2.9,0.621,2.7,5.5,8.2,1.1,0.6,1.9,1.6,3.5,10
Eric Maynor,PG-SG,25,TOT,64,0,963,4,10.5,0.377,1.3,3.6,0.354,2.7,6.9,0.389,1.7,2.3,0.726,0.3,1.4,1.7,6.8,0.8,0,3,2.1,10.9
Eric Maynor,PG,25,OKC,37,0,391,3.3,10.6,0.313,1.4,4.2,0.326,1.9,6.4,0.304,1.6,1.9,0.81,0.5,1.2,1.7,6.7,0.9,0,2.9,1.7,9.6
Eric Maynor,SG,25,POR,27,0,572,4.4,10.4,0.422,1.2,3.1,0.38,3.2,7.3,0.44,1.8,2.6,0.683,0.3,1.5,1.8,6.9,0.8,0.1,3,2.3,11.8
O.J. Mayo,SG,25,DAL,82,82,2913,5.7,12.7,0.449,1.8,4.3,0.407,3.9,8.4,0.471,2.4,2.9,0.82,0.4,3.2,3.6,4.5,1.1,0.3,2.6,2.4,15.5
Luc Mbah a Moute,SF,26,MIL,58,45,1326,4.1,10.2,0.401,0.4,1,0.351,3.7,9.2,0.406,2,3.4,0.571,2.4,4.5,7,1.5,1.1,0.4,1.9,2.2,10.5
JaVale McGee,C,25,DEN,79,0,1433,7.6,13.2,0.575,0,0,1,7.6,13.2,0.574,2.8,4.7,0.591,4,5.6,9.6,0.6,0.8,3.9,2.3,4.6,18
Dominic McGuire,SF,27,TOT,26,10,387,2.2,5.2,0.429,0,0,,2.2,5.2,0.429,0.3,0.9,0.3,1.8,5.5,7.3,1.9,1.2,1,1.1,3.6,4.7
Dominic McGuire,SF,27,TOR,15,9,230,2.3,5,0.469,0,0,,2.3,5,0.469,0.3,0.9,0.333,1.7,5.8,7.5,1.6,0.8,1.3,1.1,4.1,5
Dominic McGuire,SF,27,NOH,9,0,145,2.2,5.2,0.429,0,0,,2.2,5.2,0.429,0.2,0.5,0.5,1.7,5.2,7,2.2,2,0.7,1.2,3.2,4.7
Dominic McGuire,SF,27,IND,2,1,12,0,9,0,0,0,,0,9,0,0,6,0,3,3,6,3,0,0,0,0,0
Josh McRoberts,PF,25,TOT,67,22,1487,3.8,8.3,0.455,0.6,2,0.286,3.2,6.3,0.51,1.6,2.1,0.765,2.3,5.6,7.9,3.4,0.8,0.7,1.6,3.2,9.7
Josh McRoberts,PF,25,ORL,41,3,685,3.2,8,0.392,0.9,2.9,0.309,2.3,5.2,0.439,1.2,1.6,0.733,2.2,5,7.2,3.7,0.5,0.6,1.5,3.4,8.4
Josh McRoberts,PF,25,CHA,26,19,802,4.3,8.5,0.505,0.3,1.3,0.241,4,7.2,0.553,1.9,2.5,0.782,2.3,6.1,8.4,3.2,1,0.7,1.7,3,10.9
Jodie Meeks,SG,25,LAL,78,10,1663,4.4,11.5,0.387,2.6,7.4,0.357,1.8,4.1,0.441,1.9,2.1,0.896,0.8,2.9,3.7,1.5,1.3,0.1,1.1,2.2,13.4
Fab Melo,C,22,BOS,6,0,36,3,6,0.5,0,0,,3,6,0.5,1,4,0.25,0,3,3,0,2,2,1,7,7
Khris Middleton,SG,21,DET,27,0,475,4.7,10.7,0.44,1.1,3.4,0.311,3.6,7.3,0.5,2,2.4,0.844,0.3,3.5,3.8,2.1,1.1,0.3,0.8,4,12.5
C.J. Miles,SF,25,CLE,65,13,1364,6.7,16.2,0.415,3.3,8.7,0.384,3.4,7.5,0.451,2.5,2.8,0.869,0.6,4,4.6,1.7,1.3,0.4,1.8,3.6,19.2
Darko Milicic,C,27,BOS,1,0,5,0,7.2,0,0,0,,0,7.2,0,0,0,,0,7.2,7.2,0,0,0,14.4,7.2,0
Andre Miller,PG,36,DEN,82,11,2151,5.1,10.6,0.479,0.3,1.1,0.266,4.8,9.5,0.504,2.7,3.2,0.84,1,3,4,8.1,1.2,0.2,2.9,2.7,13.2
Darius Miller,SF,22,NOH,52,2,694,2.3,5.6,0.407,1.1,2.9,0.393,1.1,2.7,0.423,0.4,0.4,1,0.4,3.6,4,2.3,0.9,0.6,1.2,4.6,6.1
Mike Miller,SF,32,MIA,59,17,900,4,9.2,0.433,2.9,7,0.417,1.1,2.2,0.482,0.3,0.4,0.727,0.7,5.6,6.3,4,0.8,0.2,1.4,2.5,11.2
Quincy Miller,PF,20,DEN,7,0,26,5.5,16.6,0.333,0,1.4,0,5.5,15.2,0.364,1.4,2.8,0.5,1.4,1.4,2.8,4.2,1.4,0,1.4,4.2,12.5
Patrick Mills,PG,24,SAS,58,2,656,6.2,13.2,0.469,2.9,7.1,0.4,3.3,6.1,0.55,0.9,1,0.842,0.5,2.3,2.7,3.4,1.4,0.2,2.1,3,16.1
Paul Millsap,PF,27,UTA,78,78,2375,6.5,13.3,0.49,0.2,0.6,0.333,6.3,12.7,0.498,4,5.4,0.742,2.7,5.7,8.4,3,1.5,1.2,2.1,3.5,17.2
Player,Pos,Age,Tm,G,GS,MP,FG,FGA,FG%,3P,3PA,3P,2P,2PA,2P,FT,FTA,FT%,ORB,DRB,TRB,AST,STL,BLK,TOV,PF,PTS
Nazr Mohammed,C,35,CHI,63,12,693,3.4,9.4,0.367,0,0.1,0,3.4,9.2,0.371,1.8,2.4,0.723,3.8,6.3,10.1,1.4,1.1,1.7,1.2,5,8.6
Greg Monroe,C,22,DET,81,81,2687,6.9,14.2,0.486,0,0.1,0,6.9,14.1,0.488,3.6,5.3,0.689,3.2,7.2,10.4,3.8,1.4,0.7,3.1,2.5,17.4
E'Twaun Moore,SG,23,ORL,75,21,1682,5.1,12.8,0.396,1.4,4.2,0.34,3.6,8.6,0.424,1,1.3,0.797,1,2.5,3.6,4.4,1.1,0.5,2.2,2.6,12.6
Darius Morris,PG,22,LAL,48,17,683,3.8,9.9,0.388,1.3,3.5,0.364,2.6,6.4,0.402,1.3,2,0.649,1.3,1.7,3,4,1.1,0.1,2.4,3.1,10.2
Marcus Morris,PF-SF,23,TOT,77,23,1524,5.2,12.4,0.422,2,5.5,0.369,3.2,6.9,0.464,1.6,2.8,0.564,1.9,4.7,6.5,1.5,1.1,0.5,1.8,3.8,14.1
Marcus Morris,PF,23,HOU,54,17,1154,5.3,12.5,0.428,2.3,6.1,0.381,3,6.4,0.471,1.5,2.3,0.653,2,4.9,6.8,1.5,0.8,0.5,1.7,3.7,14.5
Marcus Morris,SF,23,PHO,23,6,370,5,12.3,0.405,1.2,3.8,0.308,3.8,8.5,0.448,1.7,4.1,0.405,1.7,4,5.6,1.5,1.8,0.4,2.3,3.9,12.7
Markieff Morris,PF,23,PHO,82,32,1837,5.2,12.8,0.407,0.9,2.6,0.336,4.3,10.2,0.426,1.8,2.5,0.732,2.6,5.2,7.8,2.1,1.5,1.3,2,4.1,13.1
Anthony Morrow,SG,27,TOT,41,1,383,6,13.6,0.441,1.5,4,0.372,4.5,9.6,0.471,1.9,2.1,0.909,1,1.8,2.8,1.2,1.2,0.1,0.8,4,15.4
Anthony Morrow,SG,27,ATL,24,1,301,5.6,13.3,0.423,1.8,4.5,0.395,3.8,8.7,0.438,1.9,2.2,0.889,1.2,1.9,3.1,1.1,1.4,0.1,0.5,3.9,15
Anthony Morrow,SG,27,DAL,17,0,82,7.5,14.9,0.5,0.4,2.2,0.2,7,12.7,0.552,1.8,1.8,1,0.4,1.3,1.8,1.8,0.4,0,1.8,4.4,17.1
Donatas Motiejunas,PF,22,HOU,44,14,538,6.5,14.3,0.455,1.6,5.6,0.289,4.9,8.7,0.562,2.1,3.4,0.627,2.4,3.8,6.2,2.1,0.5,0.7,2.5,4.9,16.7
Arnett Moultrie,PF,22,PHI,47,0,542,5.2,8.9,0.582,0,0,,5.2,8.9,0.582,1.2,1.9,0.643,5,4.6,9.6,0.7,1.1,0.7,1.3,2.9,11.6
Timofey Mozgov,C,26,DEN,41,1,366,4.3,8.6,0.506,0,0.2,0,4.3,8.4,0.518,2,2.6,0.769,4.9,5.6,10.5,0.9,0.6,1.8,2.5,5.6,10.6
Byron Mullens,PF,23,CHA,53,41,1428,5.5,14.2,0.385,1.7,5.2,0.317,3.8,8.9,0.425,1.6,2.5,0.646,1.8,6.7,8.5,2,0.9,0.8,1.9,2.8,14.2
Kevin Murphy,SG,22,UTA,17,0,52,4.8,19.4,0.25,0.7,3.5,0.2,4.2,15.9,0.261,0,0,,0,2.8,2.8,1.4,0.7,0,2.1,2.8,10.4
Troy Murphy,PF,32,DAL,14,1,256,3.1,8.6,0.361,1.5,4.9,0.314,1.5,3.7,0.423,1.4,1.5,0.909,1,5.9,6.9,1,1.4,0.8,1,4.1,9.1
Steve Nash,PG,38,LAL,50,50,1627,5.2,10.5,0.497,1.3,2.9,0.438,4,7.6,0.519,2.4,2.6,0.922,0.6,2.6,3.1,7.4,0.7,0.1,2.8,1.5,14.1
Gary Neal,SG,28,SAS,68,17,1484,6,14.5,0.412,2.2,6.1,0.355,3.8,8.4,0.454,1.6,1.8,0.865,0.3,3.2,3.5,3.1,0.7,0,1.7,2.3,15.6
Jameer Nelson,PG,30,ORL,56,56,1977,5.6,14.2,0.392,2.2,6.5,0.341,3.4,7.7,0.435,1.6,1.9,0.873,0.4,3.4,3.8,7.5,1.3,0.1,2.8,2.9,15
Andrew Nicholson,PF,23,ORL,75,28,1249,7.4,14,0.527,0,0,,7.4,14,0.527,2.2,2.7,0.798,2,5.4,7.4,1.3,0.7,0.9,2.3,3.8,16.9
Joakim Noah,C,27,CHI,66,64,2426,4.5,9.3,0.481,0,0.1,0,4.5,9.3,0.485,2.6,3.5,0.751,3.9,7,10.9,3.9,1.2,2.1,2.6,2.7,11.6
Steve Novak,SF,29,NYK,81,1,1641,3.9,9.4,0.414,3.3,7.7,0.425,0.6,1.7,0.367,0.7,0.7,0.909,0.4,3,3.3,0.8,0.6,0.2,0.3,2.1,11.7
Dirk Nowitzki,PF,34,DAL,53,47,1661,7.4,15.8,0.471,1.4,3.4,0.414,6,12.4,0.487,3.6,4.2,0.86,0.8,7.1,7.9,2.9,0.8,0.8,1.5,2,19.9
Player,Pos,Age,Tm,G,GS,MP,FG,FGA,FG%,3P,3PA,3P,2P,2PA,2P,FT,FTA,FT%,ORB,DRB,TRB,AST,STL,BLK,TOV,PF,PTS
Jermaine O'Neal,C,34,PHO,55,4,1029,6.3,13,0.482,0,0,,6.3,13,0.482,3.4,4,0.835,2.9,7.4,10.3,1.5,0.7,2.7,2.6,4.4,15.9
Kyle O'Quinn,C,22,ORL,57,5,638,5.7,11.1,0.513,0,0.1,0,5.7,11.1,0.515,1.7,2.5,0.667,3.7,8.1,11.8,2.9,0.6,1.5,2.1,6,13.1
Lamar Odom,PF,33,LAC,82,2,1616,3.3,8.2,0.399,0.4,2,0.2,2.9,6.1,0.464,0.4,0.9,0.476,2.6,8.1,10.7,3.2,1.5,1.3,1.9,4.8,7.4
Tim Ohlbrecht,C,24,HOU,3,0,12,3,9,0.333,0,0,,3,9,0.333,3,3,1,0,3,3,3,3,0,12,3,9
Emeka Okafor,C,30,WAS,79,77,2052,5.8,12.1,0.477,0,0,,5.8,12.1,0.477,1.9,3.4,0.571,3.5,8.6,12.1,1.6,0.8,1.4,1.9,2.5,13.4
Daniel Orton,C,22,OKC,13,0,104,4.2,9,0.462,0,0,,4.2,9,0.462,3.1,5.9,0.529,4.5,4.5,9,1.4,1.4,1,1.4,4.5,11.4
Travis Outlaw,SF,28,SAC,38,2,444,6,14.4,0.418,1.1,4.1,0.28,4.9,10.3,0.472,3.1,4.2,0.731,1.4,3.6,4.9,1.7,0.9,0.6,1.5,2.8,16.2
Zaza Pachulia,C,28,ATL,52,15,1134,3.6,7.7,0.473,0,0.1,0,3.6,7.6,0.479,2.5,3.3,0.757,4.2,6.5,10.7,2.5,1.1,0.4,2.2,4.1,9.7
Jannero Pargo,PG,33,TOT,32,0,507,5.5,15.1,0.368,2.8,8.2,0.336,2.8,6.8,0.406,0.9,0.9,0.923,0.7,1.8,2.5,4.8,1.3,0.2,2.9,3,14.7
Jannero Pargo,PG,33,WAS,7,0,102,2.8,11.3,0.25,1.1,7.1,0.15,1.8,4.2,0.417,0.7,0.7,1,0,2.1,2.1,4.9,0,0.4,2.8,2.8,7.4
Jannero Pargo,PG,33,ATL,7,0,113,4.1,12.1,0.342,2.2,6.4,0.35,1.9,5.7,0.333,0.6,0.6,1,0.3,1.9,2.2,6.1,1,0,1.6,2.5,11.2
Jannero Pargo,PG,33,CHA,18,0,292,7,17.5,0.401,3.6,9.4,0.382,3.5,8.1,0.424,1,1.1,0.889,1.1,1.6,2.7,4.2,1.8,0.2,3.5,3.2,18.6
Jeremy Pargo,PG-SG,26,TOT,39,11,655,5.4,13.7,0.396,1.4,4.1,0.338,4.1,9.7,0.42,2.3,3.4,0.677,0.4,2.3,2.7,5.1,0.7,0.1,2.7,2.5,14.6
Jeremy Pargo,PG,26,CLE,25,11,447,6,15.1,0.401,1.4,4.6,0.316,4.6,10.5,0.438,2.3,3.3,0.683,0.6,2,2.6,5.2,1,0.2,3,2.6,15.8
Jeremy Pargo,SG,26,PHI,14,0,208,4.2,10.9,0.381,1.2,2.9,0.412,2.9,8,0.37,2.4,3.6,0.667,0.2,2.8,2.9,4.8,0.2,0,2.3,2.4,11.9
Tony Parker,PG,30,SAS,66,66,2174,8.6,16.5,0.522,0.4,1.1,0.353,8.2,15.4,0.534,4.6,5.5,0.845,0.3,3,3.3,8.3,0.9,0.1,2.8,1.5,22.2
Chandler Parsons,SF,24,HOU,76,76,2758,6,12.3,0.486,2,5.2,0.385,4,7.1,0.559,1.5,2,0.729,1,4.2,5.3,3.5,1,0.4,1.9,1.9,15.4
Patrick Patterson,PF,23,TOT,71,41,1775,6.5,12.6,0.512,1,2.7,0.386,5.4,10,0.546,1,1.3,0.762,2.3,4.5,6.8,1.6,0.6,0.8,1.2,2.8,14.9
Patrick Patterson,PF,23,HOU,47,38,1219,7,13.4,0.519,1,2.8,0.365,5.9,10.6,0.56,1.1,1.4,0.755,2.2,4.4,6.5,1.5,0.5,0.8,1.2,2.7,16.1
Patrick Patterson,PF,23,SAC,24,3,556,5.4,10.9,0.494,1,2.3,0.444,4.3,8.5,0.508,0.7,0.9,0.786,2.6,4.9,7.5,1.9,0.8,0.8,1.2,3.1,12.5
Chris Paul,PG,27,LAC,70,70,2335,6.4,13.2,0.481,1.2,3.6,0.328,5.2,9.6,0.538,4.4,5,0.885,0.8,3.2,4,10.5,2.6,0.2,2.5,2.2,18.3
Sasha Pavlovic,SG,29,POR,39,1,528,2.9,8.1,0.353,1.2,4.1,0.3,1.6,4,0.407,0.1,0.4,0.167,0.5,3.3,3.8,2.2,1.6,0.3,1,4,7
Nikola Pekovic,C,27,MIN,62,62,1959,7.1,13.6,0.52,0,0,,7.1,13.6,0.52,4.4,6,0.744,4.2,5.8,10,1,0.8,0.9,1.9,2.6,18.6
Kendrick Perkins,C,28,OKC,78,78,1954,2.6,5.8,0.457,0,0,0,2.6,5.7,0.458,0.8,1.3,0.611,2,6.6,8.6,2,0.8,1.5,2,4.2,6.1
Johan Petro,C,27,ATL,31,8,352,4.9,11.3,0.436,0.1,0.4,0.25,4.8,10.8,0.443,1.1,1.2,0.917,3.4,8.1,11.5,1.6,1,0.9,2.5,4.9,11
Paul Pierce,SF,35,BOS,77,77,2575,6.7,15.3,0.436,2,5.3,0.38,4.6,9.9,0.466,4.7,5.9,0.787,0.6,6.2,6.8,5.2,1.2,0.4,3,2.9,20
Mickael Pietrus,SF,30,TOR,19,16,386,3.2,9.1,0.347,1.9,6,0.313,1.3,3.2,0.412,1.1,1.7,0.667,0.5,2.9,3.4,0.8,1.1,0.6,1.5,3.1,9.3
Player,Pos,Age,Tm,G,GS,MP,FG,FGA,FG%,3P,3PA,3P,2P,2PA,2P,FT,FTA,FT%,ORB,DRB,TRB,AST,STL,BLK,TOV,PF,PTS
Dexter Pittman,C,24,TOT,11,0,32,4.5,12.4,0.364,0,0,,4.5,12.4,0.364,0,3.4,0,7.9,5.6,13.5,0,0,0,3.4,9,9
Dexter Pittman,C,24,MIA,4,0,12,9,15,0.6,0,0,,9,15,0.6,0,0,,12,9,21,0,0,0,6,12,18
Dexter Pittman,C,24,MEM,7,0,20,1.8,10.8,0.167,0,0,,1.8,10.8,0.167,0,5.4,0,5.4,3.6,9,0,0,0,1.8,7.2,3.6
Miles Plumlee,C,24,IND,14,0,55,3.3,13.7,0.238,0,0,,3.3,13.7,0.238,2,2.6,0.75,7.9,6.5,14.4,1.3,0,2,2,3.3,8.5
Quincy Pondexter,SF,24,MEM,59,1,1243,3.7,8.7,0.428,1.7,4.4,0.395,2,4.3,0.463,1.7,2.2,0.787,1.2,2.6,3.8,1.8,1,0.2,1.2,2.8,10.9
A.J. Price,PG,26,WAS,57,22,1278,4.5,11.6,0.39,2,5.6,0.35,2.6,6,0.427,1.4,1.7,0.79,0.6,2.6,3.2,5.8,0.9,0.1,1.8,2.1,12.4
Ronnie Price,PG,29,POR,39,0,510,2.8,8.5,0.325,0.7,2.8,0.256,2,5.7,0.358,1.2,1.7,0.708,0.9,2.2,3.1,5.2,1.8,0.2,2.4,4.3,7.4
Pablo Prigioni,PG,35,NYK,78,18,1263,2.9,6.3,0.455,1.5,3.8,0.396,1.3,2.5,0.547,0.6,0.7,0.88,1.2,2.9,4.1,6.7,2,0.1,2.5,3.6,7.8
Tayshaun Prince,SF,32,TOT,82,81,2631,4.9,11.2,0.438,0.5,1.3,0.404,4.4,9.9,0.442,1.3,1.8,0.738,1,4,5,2.7,0.7,0.3,1.2,1.2,11.7
Tayshaun Prince,SF,32,DET,45,45,1457,5.3,12,0.444,0.6,1.3,0.434,4.7,10.6,0.445,1.8,2.3,0.796,1.1,4.1,5.2,2.7,0.5,0.3,1.3,1.1,13
Tayshaun Prince,SF,32,MEM,37,36,1174,4.4,10.3,0.429,0.5,1.3,0.366,4,9,0.437,0.7,1.1,0.595,0.9,3.9,4.8,2.6,0.8,0.4,1.1,1.3,10
Joel Przybilla,C,33,MIL,12,1,68,0.5,2.1,0.25,0,0,,0.5,2.1,0.25,0,1.1,0,2.6,8.5,11.1,2.1,0.5,1.1,2.1,5.3,1.1
Chris Quinn,SG,29,CLE,7,0,78,1.8,7.4,0.25,0,2.3,0,1.8,5.1,0.364,0.9,0.9,1,0.5,0.5,0.9,4.2,1.4,0,2.8,1.8,4.6
Vladimir Radmanovic,PF,32,CHI,25,0,144,3.2,10.7,0.302,1.2,6.8,0.185,2,4,0.5,0.5,0.7,0.667,2.5,4.5,7,2,2,1,1.7,7.2,8.2
Anthony Randolph,PF,23,DEN,39,0,329,6.1,12.5,0.491,0,0.9,0,6.1,11.6,0.528,3.4,4.9,0.689,3.2,7.2,10.4,1.3,2.1,2.3,4,4.5,15.6
Shavlik Randolph,PF,29,BOS,16,0,198,5.1,8.7,0.583,0,0,,5.1,8.7,0.583,2,4.9,0.407,5.1,7.6,12.7,0.7,1.5,1.3,1.8,6.9,12.2
Zach Randolph,PF,31,MEM,76,75,2607,6.5,14.1,0.46,0,0.3,0.087,6.5,13.8,0.469,3.1,4.1,0.75,4.3,7.5,11.8,1.5,0.8,0.4,2.1,2.5,16.1
J.J. Redick,SG,28,TOT,78,13,2379,5.8,13.3,0.434,2.5,6.8,0.366,3.3,6.5,0.506,2.6,2.9,0.9,0.3,2.3,2.6,4.5,0.6,0.1,2.1,1.8,16.6
J.J. Redick,SG,28,ORL,50,11,1575,6,13.3,0.45,2.7,6.9,0.39,3.3,6.4,0.514,2.6,2.9,0.891,0.2,2.5,2.7,5,0.7,0.1,2.4,1.6,17.3
J.J. Redick,SG,28,MIL,28,2,804,5.4,13.3,0.403,2.1,6.8,0.318,3.2,6.6,0.49,2.5,2.7,0.918,0.4,2,2.3,3.4,0.4,0.2,1.5,2.1,15.4
Jason Richardson,SG,32,PHI,33,33,936,5.2,12.9,0.402,2.2,6.4,0.341,3,6.5,0.462,0.8,1.3,0.606,0.7,4.2,4.9,2,1.5,0.6,1,2.2,13.3
Quentin Richardson,SF,32,NYK,1,0,29,1.2,13.7,0.091,1.2,5,0.25,0,8.7,0,2.5,2.5,1,6.2,6.2,12.4,1.2,0,0,2.5,1.2,6.2
Luke Ridnour,SG,31,MIN,82,82,2474,5.3,11.8,0.453,1,3.1,0.311,4.4,8.7,0.503,2,2.4,0.848,0.6,2.4,3,4.5,1.2,0.2,1.9,2.7,13.7
Austin Rivers,SG,20,NOH,61,26,1418,3.7,9.9,0.372,0.7,2.2,0.326,3,7.7,0.385,1.5,2.7,0.546,0.4,2.4,2.8,3.2,0.7,0.2,1.9,3.1,9.6
Brian Roberts,PG,27,NOH,78,5,1324,5.8,13.9,0.417,1.6,4.2,0.386,4.2,9.7,0.43,1.9,2.1,0.909,0.5,2.2,2.6,6,1,0.1,1.9,2.9,15.1
Nate Robinson,PG,28,CHI,82,23,2086,6.9,15.9,0.433,2.4,6,0.405,4.5,9.9,0.45,2.3,2.9,0.799,0.5,2.7,3.2,6.2,1.5,0.2,2.5,3.6,18.5
Player,Pos,Age,Tm,G,GS,MP,FG,FGA,FG%,3P,3PA,3P,2P,2PA,2P,FT,FTA,FT%,ORB,DRB,TRB,AST,STL,BLK,TOV,PF,PTS
Thomas Robinson,PF,21,TOT,70,0,1056,4.7,10.9,0.43,0,0,0,4.7,10.9,0.431,1.9,3.7,0.523,4.2,6.6,10.7,1.6,1.4,0.9,3,4.2,11.4
Thomas Robinson,PF,21,SAC,51,0,809,4.6,10.8,0.424,0,0,,4.6,10.8,0.424,1.8,3.2,0.577,4.1,6.5,10.6,1.6,1.1,0.9,2.9,4.2,11
Thomas Robinson,PF,21,HOU,19,0,247,5.1,11.4,0.449,0,0.1,0,5.1,11.2,0.455,2.3,5.5,0.421,4.4,6.9,11.2,1.5,2.3,0.7,3.4,4.2,12.5
Rajon Rondo,PG,26,BOS,38,38,1423,5.7,11.8,0.484,0.3,1.3,0.24,5.4,10.5,0.513,1.5,2.4,0.645,1.1,4.3,5.4,10.6,1.8,0.2,3.7,2.4,13.2
Terrence Ross,SG,21,TOR,73,2,1239,5.4,13.3,0.407,1.9,5.7,0.332,3.5,7.6,0.464,0.9,1.2,0.714,1,3.2,4.2,1.5,1.2,0.4,1.4,3.5,13.6
Brandon Roy,SG,28,MIN,5,5,122,3.2,10.3,0.314,0,2.7,0,3.2,7.7,0.423,2.1,3,0.7,0.9,3.2,4.1,6.8,0.9,0,2.1,1.5,8.6
Ricky Rubio,PG,22,MIN,57,47,1691,3.9,10.9,0.36,0.6,2,0.293,3.4,9,0.374,4.5,5.6,0.799,0.9,3.9,4.9,8.9,2.9,0.1,3.7,3,12.9
Brandon Rush,SF,27,GSW,2,0,25,8.6,13,0.667,0,2.9,0,8.6,10.1,0.857,2.9,4.3,0.667,0,1.4,1.4,2.9,0,0,4.3,7.2,20.2
Robert Sacre,C,23,LAL,32,3,203,3.2,8.5,0.375,0,0,,3.2,8.5,0.375,1.2,2,0.636,1.6,4.4,6,1.1,0,1.8,1.8,6.7,7.6
John Salmons,SF,33,SAC,76,72,2278,3.9,9.7,0.399,1.6,4.2,0.371,2.3,5.5,0.42,1.3,1.7,0.773,0.5,2.7,3.3,3.6,0.8,0.4,1.3,2.3,10.6
Samardo Samuels,C,24,CLE,18,1,196,4,11,0.367,0,0.2,0,4,10.8,0.373,2.6,4.4,0.583,1.8,3.3,5.1,1.5,0.6,0.6,1.1,5.5,10.7
Larry Sanders,C,24,MIL,71,55,1937,5.7,11.2,0.506,0,0,0,5.7,11.2,0.507,1.6,2.5,0.618,4.2,8.3,12.5,1.5,1,3.7,1.6,4.3,12.9
Luis Scola,PF,32,PHO,82,67,2184,7.1,15.1,0.472,0,0.3,0.188,7.1,14.8,0.477,3,3.8,0.787,2.6,6.3,8.9,3,1.1,0.6,2.1,4.2,17.3
Mike Scott,PF,24,ATL,40,1,376,6.7,14.1,0.476,0,0.1,0,6.7,14,0.479,4.1,5.4,0.768,3.7,6.8,10.5,1.1,0.4,0.2,2,3.1,17.5
Thabo Sefolosha,SG,28,OKC,81,81,2229,3.6,7.5,0.481,1.7,4.2,0.419,1.9,3.4,0.558,0.9,1.1,0.826,0.9,4.2,5.1,2,1.7,0.7,1,2.9,9.9
Josh Selby,PG,21,MEM,10,0,59,3.7,13.4,0.273,0.6,3.7,0.167,3.1,9.8,0.313,4.3,6.7,0.636,0,3.1,3.1,2.4,1.2,0,4.3,4.3,12.2
Kevin Seraphin,C,23,WAS,79,8,1721,6.9,15,0.461,0,0,,6.9,15,0.461,1.3,1.8,0.693,2.2,5,7.2,1.2,0.5,1.2,2.7,4.4,15.1
Ramon Sessions,SG,26,CHA,61,0,1652,6,14.7,0.408,0.7,2.3,0.308,5.3,12.4,0.427,6.3,7.6,0.839,0.6,3.1,3.7,5,1,0.2,2.3,2,19.1
Tornike Shengelia,SF,21,BRK,19,0,93,3.9,8.9,0.435,0.4,0.8,0.5,3.5,8.1,0.429,3.5,6.2,0.563,3.5,5.4,8.9,1.2,1.2,0.4,4.3,4.3,11.6
Iman Shumpert,SG,22,NYK,45,45,996,3.9,9.9,0.396,1.8,4.6,0.402,2.1,5.3,0.392,1.3,1.7,0.766,1.1,3.8,4.9,2.7,1.6,0.3,1.3,3.6,11
Alexey Shved,SG,24,MIN,77,16,1840,4.6,12.4,0.372,1.7,5.6,0.295,3,6.8,0.435,2.1,2.9,0.72,0.8,2.6,3.4,5.6,1.1,0.5,2.9,2.3,13
Henry Sims,C,22,NOH,2,0,5,14.4,21.6,0.667,0,0,,14.4,21.6,0.667,0,0,,14.4,0,14.4,0,0,0,7.2,7.2,28.8
Player,Pos,Age,Tm,G,GS,MP,FG,FGA,FG%,3P,3PA,3P,2P,2PA,2P,FT,FTA,FT%,ORB,DRB,TRB,AST,STL,BLK,TOV,PF,PTS
Kyle Singler,SF,24,DET,82,74,2293,4.3,10.1,0.428,1.1,3.1,0.35,3.2,6.9,0.464,1.6,1.9,0.806,1.7,3.5,5.2,1.2,0.9,0.6,1.5,3.4,11.3
Chris Singleton,PF,23,WAS,57,11,924,3.6,9.4,0.382,0.3,1.4,0.194,3.3,8,0.415,1.6,2.7,0.571,2,5.2,7.2,1.4,1.5,0.9,1.8,4.8,9
Donald Sloan,SG-PG,25,TOT,23,0,263,3.7,10.7,0.346,1,2.6,0.368,2.7,8.1,0.339,2.7,3.4,0.8,0.4,3.4,3.8,5.2,0.7,0,1.9,2.3,11.1
Donald Sloan,SG,25,CLE,20,0,257,3.8,10.9,0.346,1,2.7,0.368,2.8,8.3,0.339,2.8,3.5,0.8,0.4,3.5,3.9,5.2,0.7,0,1.8,2.4,11.3
Donald Sloan,PG,25,NOH,3,0,6,0,0,,0,0,,0,0,,0,0,,0,0,0,6,0,0,6,0,0
Greg Smith,C,22,HOU,70,10,1110,5.5,8.9,0.62,0,0,0,5.5,8.9,0.623,2.6,4.2,0.623,3.6,6.8,10.4,0.8,0.6,1.3,1.3,5.7,13.7
Ish Smith,PG,24,TOT,52,3,516,3.9,11.1,0.352,0.6,1.9,0.296,3.3,9.2,0.364,0.2,0.5,0.429,0.8,3.4,4.3,6.1,1.5,0.6,2.6,1.8,8.6
Ish Smith,PG,24,ORL,36,3,378,3.7,11,0.336,0.4,1.6,0.235,3.3,9.4,0.354,0.3,0.7,0.429,1,3.3,4.4,5.4,1.2,0.6,2.6,1.3,8.1
Ish Smith,PG,24,MIL,16,0,138,4.4,11.2,0.395,1,2.6,0.4,3.4,8.6,0.394,0,0,,0.3,3.7,3.9,7.8,2.1,0.8,2.6,3.1,9.9
J.R. Smith,SG,27,NYK,80,0,2678,7.1,16.8,0.422,2.1,5.9,0.356,5,10.9,0.458,3.2,4.2,0.762,0.9,4.9,5.7,2.9,1.3,0.3,1.8,3,19.4
Jason Smith,C,26,NOH,51,0,876,6.9,14,0.49,0,0.2,0,6.9,13.8,0.496,3.5,4.2,0.843,2.6,5,7.6,1.4,0.6,1.8,2.3,5.1,17.3
Josh Smith,PF,27,ATL,76,76,2683,7.4,15.9,0.465,0.8,2.7,0.303,6.6,13.2,0.498,2.2,4.3,0.517,1.8,6.8,8.6,4.3,1.3,1.8,3,2.3,17.8
Nolan Smith,PG,24,POR,40,0,288,5.2,14.2,0.368,0.7,3.5,0.214,4.5,10.7,0.419,2.5,3.5,0.714,0.9,2.5,3.4,4.4,0.9,0.1,3.6,3.2,13.7
Marreese Speights,C,25,TOT,79,3,1300,7.2,16.2,0.445,0.1,0.3,0.3,7.1,15.9,0.448,3.7,4.8,0.771,4,6.6,10.7,1.3,0.7,1.5,2.2,4.8,18.2
Marreese Speights,C,25,MEM,40,2,579,6.6,15.4,0.429,0.1,0.3,0.4,6.5,15,0.43,3,4.2,0.716,4.7,7,11.8,1.1,0.6,1.7,2.2,5.3,16.3
Marreese Speights,C,25,CLE,39,1,721,7.7,16.8,0.457,0,0.2,0.2,7.6,16.6,0.461,4.3,5.4,0.806,3.5,6.3,9.8,1.4,0.7,1.3,2.2,4.4,19.8
Tiago Splitter,PF,28,SAS,81,58,1997,5.7,10.1,0.56,0,0,0,5.7,10.1,0.561,3.7,5.1,0.73,2.6,6.7,9.3,2.3,1.1,1.2,1.8,2.9,15.1
Jerry Stackhouse,SF,38,BRK,37,0,544,4.4,11.4,0.384,2,5.9,0.337,2.4,5.5,0.434,1.3,1.5,0.87,0.3,1.9,2.2,2.3,0.5,0.3,1.6,2.1,12
Lance Stephenson,SG,22,IND,78,72,2278,4.3,9.5,0.46,1,3,0.33,3.4,6.5,0.52,1.2,1.8,0.652,0.7,4.1,4.8,3.5,1.3,0.3,1.7,2.6,10.9
DeShawn Stevenson,SG,31,ATL,56,31,1158,3,8.1,0.374,2.4,6.5,0.364,0.7,1.6,0.415,0.4,0.7,0.522,0.6,3.2,3.8,1.6,0.9,0.2,0.7,2.1,8.8
Greg Stiemsma,C,27,MIN,76,19,1209,3.8,8.3,0.457,0,0,,3.8,8.3,0.457,1.6,2.1,0.768,1.8,6,7.8,0.9,1.3,2.7,1.8,5.5,9.1
Julyan Stone,PG,24,DEN,4,0,28,2.6,2.6,1,0,0,,2.6,2.6,1,3.9,5.1,0.75,2.6,1.3,3.9,2.6,1.3,0,2.6,5.1,9
Amar'e Stoudemire,PF,30,NYK,29,0,682,8.1,14.1,0.577,0,0,,8.1,14.1,0.577,5.5,6.9,0.808,3.2,4.5,7.7,0.7,0.5,1.1,2.6,4.7,21.8
Rodney Stuckey,SG,26,DET,76,24,2171,5,12.4,0.406,0.9,3,0.302,4.1,9.4,0.44,3.5,4.5,0.783,0.7,2.8,3.5,4.5,0.8,0.3,2.2,2.1,14.5
Jared Sullinger,PF,20,BOS,45,5,892,4.5,9.1,0.493,0,0.2,0.2,4.4,8.9,0.5,1.9,2.5,0.746,3.7,6.9,10.7,1.4,0.9,0.9,1.2,6.2,10.9
DaJuan Summers,PF,25,LAC,2,0,7,5.1,20.6,0.25,0,0,,5.1,20.6,0.25,0,0,,0,10.3,10.3,5.1,0,0,0,0,10.3
Player,Pos,Age,Tm,G,GS,MP,FG,FGA,FG%,3P,3PA,3P,2P,2PA,2P,FT,FTA,FT%,ORB,DRB,TRB,AST,STL,BLK,TOV,PF,PTS
Jeffery Taylor,SF,23,CHA,77,29,1507,4.1,9.5,0.431,1.3,3.7,0.344,2.8,5.9,0.486,1.8,2.5,0.728,1.2,2.4,3.6,1.5,1.1,0.4,1.1,3.2,11.3
Tyshawn Taylor,PG,22,BRK,38,0,221,5.2,14.2,0.368,1,2.1,0.462,4.2,12.1,0.351,2.4,4.4,0.556,0.3,2.6,2.9,3.4,2.1,0,4.1,4.1,13.8
Jeff Teague,PG,24,ATL,80,78,2628,6,13.3,0.451,1.2,3.4,0.359,4.8,9.9,0.482,2.7,3.1,0.881,0.3,2.1,2.5,7.9,1.6,0.4,3.2,2.5,16
Marquis Teague,PG,19,CHI,48,0,392,3.9,10.4,0.381,0.4,2.1,0.174,3.6,8.3,0.433,0.8,1.5,0.563,0.3,3.8,4,5.8,0.8,0.6,3.2,4.3,9.1
Mirza Teletovic,PF,27,BRK,53,0,499,5.1,13.3,0.384,2.7,7.8,0.343,2.5,5.6,0.442,0.6,0.8,0.818,2.4,4.5,6.9,1.7,0.9,0.6,1.4,3.8,13.6
Sebastian Telfair,PG,27,TOT,59,2,980,4.1,11.4,0.362,1.9,5.5,0.353,2.2,5.8,0.371,2,2.5,0.783,0.5,2.6,3.1,5.6,1.4,0.4,2.4,3.8,12.2
Sebastian Telfair,PG,27,PHO,46,2,795,4.3,11.2,0.381,1.9,5.1,0.381,2.3,6.1,0.381,2,2.6,0.772,0.5,2.5,3.1,5.2,1.3,0.5,2.4,3.8,12.5
Sebastian Telfair,PG,27,TOR,13,0,185,3.5,12.1,0.29,1.9,7.2,0.27,1.6,4.9,0.32,1.9,2.3,0.833,0.2,2.9,3.1,7.6,1.8,0.2,2.1,3.9,10.9
Garrett Temple,SG,26,WAS,51,36,1156,3.3,8,0.407,0.8,2.5,0.325,2.5,5.5,0.444,0.8,1.2,0.703,0.9,2.9,3.8,3.6,1.6,0.5,1.9,2.9,8.2
Jason Terry,SG,35,BOS,79,24,2124,4.8,11,0.434,2.1,5.6,0.372,2.7,5.4,0.498,1.9,2.2,0.87,0.3,2.4,2.7,3.4,1.1,0.2,1.7,1.9,13.5
Hasheem Thabeet,C,25,OKC,66,4,770,3,5,0.604,0,0,,3,5,0.604,1.5,2.5,0.604,3.2,5.9,9.1,0.5,1.4,2.8,1.9,6.9,7.5
Isaiah Thomas,PG,23,SAC,79,62,2122,6.2,14.1,0.44,2,5.4,0.358,4.3,8.7,0.491,4.3,4.9,0.882,0.5,2.2,2.7,5.4,1.1,0.1,2.4,2.8,18.7
Kurt Thomas,PF,40,NYK,39,17,392,4.1,7.6,0.542,0.1,0.1,1,4,7.5,0.537,0.6,1.2,0.462,2.2,6,8.2,1.9,0.9,1.5,0.7,4.8,8.9
Lance Thomas,SF,24,NOH,59,9,646,3,5.9,0.5,0,0,,3,5.9,0.5,2.4,3.3,0.729,2.5,4,6.4,0.9,0.6,0.4,0.8,4.3,8.3
Malcolm Thomas,PF,24,TOT,12,0,57,3.2,6.3,0.5,0,0,,3.2,6.3,0.5,3.2,5.1,0.625,3.2,6.9,10.1,2.5,1.3,1.3,1.9,5.1,9.5
Malcolm Thomas,PF,24,GSW,5,0,21,0,1.7,0,0,0,,0,1.7,0,5.1,6.9,0.75,0,8.6,8.6,3.4,0,1.7,1.7,1.7,5.1
Malcolm Thomas,PF,24,CHI,7,0,36,5,9,0.556,0,0,,5,9,0.556,2,4,0.5,5,6,11,2,2,1,2,7,12
Tyrus Thomas,PF,26,CHA,26,2,360,4.8,13.6,0.353,0.3,0.8,0.375,4.5,12.8,0.352,2.6,3.1,0.839,1.6,4.4,6,1.9,1.4,1.5,1.7,5.1,12.5
Jason Thompson,PF,26,SAC,82,81,2285,5.9,11.7,0.502,0,0,0,5.9,11.7,0.504,2.3,3.2,0.694,2.7,5.9,8.6,1.3,0.8,1,1.6,3.6,14
Klay Thompson,SG,22,GSW,82,82,2936,6.2,14.8,0.422,2.6,6.4,0.401,3.6,8.3,0.437,1.6,1.9,0.841,0.4,3.4,3.8,2.2,1.1,0.6,1.9,2.9,16.7
Tristan Thompson,PF,21,CLE,82,82,2564,5.5,11.2,0.488,0,0,0,5.5,11.2,0.49,2.5,4.1,0.608,4.3,6.6,10.9,1.5,0.8,1,1.7,3.3,13.4
Marcus Thornton,SG,25,SAC,72,8,1726,6.9,16.1,0.429,2.9,7.9,0.372,4,8.2,0.484,2.3,2.6,0.881,1,2.7,3.8,1.9,1.3,0.1,1.4,2.2,19.1
Jamaal Tinsley,PG,34,UTA,66,32,1221,2.5,6.9,0.368,1.1,3.7,0.307,1.4,3.2,0.439,0.5,0.8,0.692,0.5,2.9,3.4,8.6,1.9,0.4,3.1,3.1,6.8
Anthony Tolliver,SF,27,ATL,62,11,963,3.1,8.1,0.38,1.7,5,0.338,1.4,3.1,0.446,1.6,1.9,0.863,1.2,4.6,5.8,1.2,0.6,0.4,1.3,2.5,9.5
Player,Pos,Age,Tm,G,GS,MP,FG,FGA,FG%,3P,3PA,3P,2P,2PA,2P,FT,FTA,FT%,ORB,DRB,TRB,AST,STL,BLK,TOV,PF,PTS
P.J. Tucker,SG,27,PHO,79,45,1910,4,8.4,0.473,0.4,1.3,0.314,3.5,7,0.503,1.2,1.6,0.744,2.5,4.1,6.6,2.1,1.2,0.4,1.3,2.7,9.5
Ronny Turiaf,C,30,LAC,65,0,701,2.5,5,0.505,0,0,,2.5,5,0.505,1.2,3.2,0.365,2.3,5.5,7.8,1.8,1,1.8,1.5,4.1,6.2
Hedo Turkoglu,SF,33,ORL,11,1,189,2.7,10.1,0.264,0.2,4.6,0.042,2.5,5.5,0.448,0.6,1.1,0.5,0.8,4.2,5,4.4,1.3,0.2,2.3,2.1,6.1
Evan Turner,SF,24,PHI,82,82,2892,5.5,13.1,0.419,0.7,2,0.365,4.8,11.1,0.428,1.9,2.6,0.74,0.7,5.7,6.4,4.4,0.9,0.2,2.3,2.5,13.6
Jeremy Tyler,C,21,TOT,21,0,68,4.8,12.7,0.375,0,0,,4.8,12.7,0.375,2.1,3.2,0.667,3.2,7.4,10.6,0.5,0.5,1.1,3.2,5.3,11.6
Jeremy Tyler,C,21,GSW,20,0,63,5.1,13.7,0.375,0,0,,5.1,13.7,0.375,2.3,3.4,0.667,3.4,6.3,9.7,0.6,0.6,1.1,3.4,5.7,12.6
Jeremy Tyler,C,21,ATL,1,0,5,0,0,,0,0,,0,0,,0,0,,0,21.6,21.6,0,0,0,0,0,0
Ekpe Udoh,C,25,MIL,76,9,1312,3.2,7.4,0.435,0,0,0,3.2,7.4,0.437,2.4,3.3,0.748,3.1,3.8,6.9,1.2,1.1,2.3,1.2,3.8,8.9
Beno Udrih,SG-PG,30,TOT,66,9,1457,5.2,11.8,0.441,0.8,2.5,0.333,4.3,9.2,0.471,2.1,2.5,0.816,0.8,2.6,3.5,7.5,1,0.1,2.7,2.2,13.3
Beno Udrih,SG,30,MIL,39,0,719,5.7,11.9,0.475,0.7,2.5,0.265,5,9.5,0.529,1.2,1.7,0.727,0.9,3.1,3.9,6.9,0.8,0.1,2.7,2,13.2
Beno Udrih,PG,30,ORL,27,9,738,4.7,11.6,0.408,1,2.6,0.396,3.7,9,0.411,2.9,3.4,0.857,0.8,2.2,3.1,8,1.2,0,2.7,2.5,13.4
Jonas Valanciunas,C,20,TOR,62,57,1482,5,8.9,0.557,0,0,,5,8.9,0.557,3.5,4.5,0.789,2.9,6.1,9,1.1,0.4,1.9,2.3,4.6,13.5
Anderson Varejao,C,30,CLE,25,25,901,5.5,11.5,0.478,0,0.2,0,5.5,11.3,0.486,3.1,4.1,0.755,5.5,8.9,14.4,3.4,1.5,0.6,1.8,2.7,14.1
Jarvis Varnado,PF,24,TOT,13,0,58,1.9,4.3,0.429,0,0,,1.9,4.3,0.429,1.2,2.5,0.5,1.2,4.3,5.6,1.9,0.6,1.2,3.7,6.2,5
Jarvis Varnado,PF,24,BOS,5,0,18,4,8,0.5,0,0,,4,8,0.5,4,8,0.5,2,4,6,2,2,0,2,2,12
Jarvis Varnado,PF,24,MIA,8,0,40,0.9,2.7,0.333,0,0,,0.9,2.7,0.333,0,0,,0.9,4.5,5.4,1.8,0,1.8,4.5,8.1,1.8
Greivis Vasquez,PG,26,NOH,78,78,2685,5.9,13.6,0.433,1.1,3.3,0.342,4.8,10.3,0.462,1.7,2.1,0.805,0.6,3.9,4.5,9.4,0.9,0.1,3.3,2.5,14.5
Jan Vesely,PF,22,WAS,51,4,601,3.4,6.8,0.5,0,0.1,0,3.4,6.8,0.504,0.7,2.3,0.308,2.6,4.7,7.3,1.7,0.9,1,1.6,6.4,7.5
Charlie Villanueva,PF,28,DET,69,0,1092,5.8,15.3,0.377,3,8.5,0.347,2.8,6.8,0.415,0.9,1.6,0.551,1.6,6.3,7.9,1.8,1,1.3,1.3,3.2,15.4
Nikola Vucevic,C,22,ORL,77,77,2559,6.5,12.5,0.519,0,0,0,6.5,12.5,0.52,1.2,1.8,0.683,3.8,9.1,12.9,2,0.9,1.1,2,3.1,14.2
Dwyane Wade,SG,31,MIA,69,69,2391,8.6,16.5,0.521,0.3,1,0.258,8.3,15.5,0.537,4.6,6.4,0.725,1.3,3.9,5.2,5.3,1.9,0.8,2.9,2.1,22
Dion Waiters,SG,21,CLE,61,48,1756,6.9,16.7,0.412,1.3,4.2,0.31,5.6,12.5,0.446,3.3,4.4,0.746,0.5,2.6,3.1,3.8,1.2,0.3,2.5,2.3,18.3
Kemba Walker,PG,22,CHA,82,82,2859,6.6,15.7,0.423,1.3,4.2,0.322,5.3,11.5,0.459,3.7,4.7,0.798,0.8,2.8,3.6,5.9,2,0.4,2.5,1.9,18.3
John Wall,PG,22,WAS,49,42,1602,7.3,16.5,0.441,0.3,1,0.267,7,15.5,0.452,5.5,6.9,0.804,0.8,3.6,4.4,8.4,1.5,0.8,3.5,2.6,20.4
Gerald Wallace,SF,30,BRK,69,68,2076,3.2,7.9,0.397,0.8,2.8,0.282,2.4,5.1,0.461,2.1,3.3,0.637,1.2,4.3,5.5,3.1,1.7,0.8,1.9,2,9.2
Rasheed Wallace,C,38,NYK,21,0,296,6.7,17.3,0.387,2.7,8.4,0.319,4,8.9,0.452,1.7,2.4,0.7,1.3,8.8,10.1,0.7,1.6,1.8,1.2,4.9,17.8
Player,Pos,Age,Tm,G,GS,MP,FG,FGA,FG%,3P,3PA,3P,2P,2PA,2P,FT,FTA,FT%,ORB,DRB,TRB,AST,STL,BLK,TOV,PF,PTS
Luke Walton,PF,32,CLE,50,0,857,3,7.6,0.392,0.8,2.8,0.299,2.1,4.8,0.447,0.4,0.8,0.5,1.6,4.5,6.1,7,1.8,0.5,2.5,4.1,7.2
Hakim Warrick,PF,30,TOT,28,14,489,4.9,12.1,0.406,0,0.2,0,4.9,11.9,0.414,4.4,6.5,0.682,1.5,5,6.6,1.8,1,0.4,2.1,2.7,14.3
Hakim Warrick,PF,30,NOH,1,0,7,5.1,10.3,0.5,0,0,,5.1,10.3,0.5,10.3,10.3,1,0,0,0,0,5.1,0,0,0,20.6
Hakim Warrick,PF,30,CHA,27,14,482,4.9,12.2,0.405,0,0.2,0,4.9,12,0.413,4.3,6.4,0.674,1.6,5.1,6.6,1.9,0.9,0.4,2.2,2.8,14.2
C.J. Watson,PG,28,BRK,80,8,1521,4.5,10.9,0.418,2.1,5.1,0.411,2.5,5.8,0.424,1.7,2.2,0.78,0.9,2.5,3.4,3.8,1.6,0.3,1.6,2.9,12.9
Earl Watson,PG,33,UTA,48,4,829,1.6,5.2,0.308,0.2,1.2,0.179,1.4,4,0.348,0.7,1.1,0.68,1,2.8,3.8,8.3,1.7,0.3,3,4.1,4.2
Maalik Wayns,PG,21,TOT,27,1,202,4.6,15.7,0.295,1.2,5.5,0.226,3.4,10.2,0.333,3,3.4,0.895,0.2,1.1,1.2,4.8,1.1,0,2.7,4.6,13.5
Maalik Wayns,PG,21,PHI,21,1,165,4.1,15.7,0.264,1.1,5.5,0.2,3.1,10.3,0.298,2.8,3.3,0.867,0.2,0.9,1.1,4.4,0.7,0,2.8,3.9,12.2
Maalik Wayns,PG,21,LAC,6,0,37,6.8,15.6,0.438,1.9,5.8,0.333,4.9,9.7,0.5,3.9,3.9,1,0,1.9,1.9,6.8,2.9,0,1.9,7.8,19.5
Martell Webster,SF,26,WAS,76,62,2200,4.6,10.4,0.442,2.3,5.4,0.422,2.3,5,0.463,2.7,3.2,0.848,0.9,3.9,4.8,2.3,0.8,0.3,1.5,2.7,14.2
David West,PF,32,IND,73,73,2435,7.4,14.9,0.498,0.1,0.3,0.211,7.4,14.6,0.503,3.6,4.7,0.768,2.1,6.2,8.3,3.1,1.1,1,2.3,2.2,18.5
Russell Westbrook,PG,24,OKC,82,82,2861,8.5,19.3,0.438,1.2,3.8,0.323,7.2,15.5,0.466,5.8,7.2,0.8,1.4,4,5.4,7.6,1.8,0.3,3.4,2.4,23.9
D.J. White,PF,26,BOS,12,0,86,5,9.6,0.522,0,0,,5,9.6,0.522,2.1,3.8,0.556,1.7,3.8,5.4,1.7,0.4,2.5,0.8,2.1,12.1
James White,SF,30,NYK,57,16,435,4.1,9.6,0.431,1.2,3.4,0.341,3,6.2,0.48,0.9,1.6,0.579,0.4,3.6,4,2.4,1.1,0.3,1.4,3.6,10.3
Chris Wilcox,C,30,BOS,61,7,830,4.8,6.6,0.719,0,0,0,4.8,6.6,0.724,1.7,2.5,0.672,2.4,5.4,7.8,1,1.4,1.2,1.5,5.4,11.2
Damien Wilkins,SG,33,PHI,61,21,1095,4.8,10.4,0.459,0.6,1.7,0.333,4.2,8.7,0.483,2.7,3.6,0.743,1.1,2.4,3.5,3,1.2,0.6,1.6,3.2,12.8
Deron Williams,PG,28,BRK,78,78,2842,6.3,14.2,0.44,2.1,5.7,0.378,4.1,8.6,0.482,4,4.7,0.859,0.4,2.6,2.9,7.7,1,0.4,2.8,2.5,18.7
Derrick Williams,PF,21,MIN,78,56,1916,6.4,14.8,0.43,1.2,3.7,0.332,5.1,11.1,0.463,3.6,5.1,0.706,1.8,6.3,8.1,0.9,0.8,0.7,1.9,2.4,17.5
Louis Williams,SG,26,ATL,39,9,1119,6,14.3,0.422,2.3,6.3,0.367,3.7,7.9,0.466,3.4,3.9,0.868,0.3,2.3,2.6,4.5,1.4,0.3,2.4,1.8,17.7
Marvin Williams,SF,26,UTA,73,51,1727,4.1,9.8,0.423,1.1,3.5,0.325,3,6.3,0.477,1.6,2.1,0.778,1.1,4.3,5.5,1.6,0.8,0.8,1.3,2,11
Mo Williams,PG,30,UTA,46,46,1418,5.8,13.5,0.43,1.5,3.9,0.383,4.3,9.6,0.449,1.9,2.2,0.882,0.6,2.2,2.8,7.2,1.2,0.2,3.2,2.7,15
Reggie Williams,SF,26,CHA,40,0,380,5.4,12.5,0.432,2.1,6.8,0.306,3.3,5.7,0.583,0.9,2,0.476,0.8,4.1,4.8,3.7,1.1,0.1,1.8,1.8,13.8
Terrence Williams,SF,25,BOS,24,0,318,5.4,11,0.495,0.6,1.7,0.333,4.9,9.3,0.524,1,2.4,0.429,0.5,4.5,5,4.3,1.2,0.2,2.5,1.5,12.5
Metta World Peace,SF,33,LAL,75,66,2530,4.7,11.7,0.403,2,5.9,0.342,2.7,5.9,0.464,1.8,2.4,0.734,1.4,3.9,5.3,1.6,1.7,0.6,1.4,2.8,13.2
Player,Pos,Age,Tm,G,GS,MP,FG,FGA,FG%,3P,3PA,3P,2P,2PA,2P,FT,FTA,FT%,ORB,DRB,TRB,AST,STL,BLK,TOV,PF,PTS
Brandan Wright,C,25,DAL,64,16,1149,7.6,12.7,0.597,0,0.1,0,7.6,12.6,0.601,1.8,3,0.615,2.7,5.5,8.1,1.2,0.8,2.4,1.1,2.4,17
Chris Wright,SG,23,DAL,3,0,4,9,18,0.5,0,0,,9,18,0.5,0,0,,0,0,0,0,0,0,9,0,18
Dorell Wright,SF,27,PHI,79,8,1783,4.8,12.1,0.396,2.7,7.3,0.374,2.1,4.8,0.429,2.4,2.8,0.851,0.8,5.2,6.1,3,1.3,0.7,1.3,2,14.7
Tony Wroten,SG,19,MEM,35,0,272,4.4,11.4,0.384,0.5,2.1,0.25,3.8,9.3,0.414,2.8,3.8,0.724,1.7,2,3.7,5.7,1.1,0.5,3.8,4.5,12
Nick Young,SG,27,PHI,59,17,1411,5.7,13.8,0.413,1.9,5.4,0.357,3.8,8.5,0.449,2.7,3.3,0.82,0.6,2.7,3.3,2.1,0.9,0.4,1.3,2.1,16
Sam Young,SG,27,IND,56,3,693,3,7.7,0.392,0.8,2.7,0.308,2.2,5,0.438,1.2,2.2,0.535,1.4,5,6.4,2.2,0.8,0.4,1.7,3.2,8.1
Thaddeus Young,PF,24,PHI,76,76,2629,7,13.1,0.531,0,0.1,0.125,7,13,0.535,1.5,2.6,0.574,2.5,5.3,7.8,1.7,1.8,0.8,1.2,2.6,15.4
Luke Zeller,C,25,PHO,16,0,58,5.6,16.1,0.346,0.6,3.1,0.2,5,13,0.381,0,0,,0.6,5.6,6.2,1.9,0,0,0,3.1,11.8
Tyler Zeller,C,23,CLE,77,55,2033,4.3,9.9,0.438,0,0.1,0,4.3,9.8,0.441,2.1,2.8,0.764,2.8,4.9,7.8,1.7,0.6,1.2,1.7,4.4,10.8
